time_s,phase,ramp_duration_s,k_tip_Npm,q_motor_0_rad,q_motor_1_rad,q_motor_2_rad,q_motor_3_rad,q_motor_4_rad,q_motor_5_rad,q_motor_6_rad,q_motor_7_rad,q_motor_8_rad,q_motor_9_rad,q_motor_10_rad,q_motor_11_rad,q_motor_12_rad,q_dot_motor_0_rads,q_dot_motor_1_rads,q_dot_motor_2_rads,q_dot_motor_3_rads,q_dot_motor_4_rads,q_dot_motor_5_rads,q_dot_motor_6_rads,q_dot_motor_7_rads,q_dot_motor_8_rads,q_dot_motor_9_rads,q_dot_motor_10_rads,q_dot_motor_11_rads,q_dot_motor_12_rads,joint_thumb_CMC1_rad,joint_thumb_CMC2_rad,joint_thumb_MCP_rad,joint_thumb_IP_rad,joint_spread_index_rad,joint_spread_middle_rad,joint_spread_ring_rad,joint_spread_pinky_rad,joint_index_MCP_rad,joint_index_PIP_rad,joint_index_DIP_rad,joint_middle_MCP_rad,joint_middle_PIP_rad,joint_middle_DIP_rad,joint_ring_MCP_rad,joint_ring_PIP_rad,joint_ring_DIP_rad,joint_pinky_MCP_rad,joint_pinky_PIP_rad,joint_pinky_DIP_rad,tip_thumb_x_m,tip_thumb_y_m,tip_thumb_z_m,ref_thumb_x_m,ref_thumb_y_m,ref_thumb_z_m,disp_thumb_x_m,disp_thumb_y_m,disp_thumb_z_m,force_1st_thumb_x_N,force_1st_thumb_y_N,force_1st_thumb_z_N,force_1st_thumb_mag_N,stiff_1st_thumb_00_Npm,stiff_1st_thumb_01_Npm,stiff_1st_thumb_02_Npm,stiff_1st_thumb_10_Npm,stiff_1st_thumb_11_Npm,stiff_1st_thumb_12_Npm,stiff_1st_thumb_20_Npm,stiff_1st_thumb_21_Npm,stiff_1st_thumb_22_Npm,stiff_1st_thumb_eig_0_Npm,stiff_1st_thumb_eig_1_Npm,stiff_1st_thumb_eig_2_Npm,force_2nd_thumb_x_N,force_2nd_thumb_y_N,force_2nd_thumb_z_N,force_2nd_thumb_mag_N,stiff_2nd_thumb_00_Npm,stiff_2nd_thumb_01_Npm,stiff_2nd_thumb_02_Npm,stiff_2nd_thumb_10_Npm,stiff_2nd_thumb_11_Npm,stiff_2nd_thumb_12_Npm,stiff_2nd_thumb_20_Npm,stiff_2nd_thumb_21_Npm,stiff_2nd_thumb_22_Npm,stiff_2nd_thumb_eig_0_Npm,stiff_2nd_thumb_eig_1_Npm,stiff_2nd_thumb_eig_2_Npm,tip_index_x_m,tip_index_y_m,tip_index_z_m,ref_index_x_m,ref_index_y_m,ref_index_z_m,disp_index_x_m,disp_index_y_m,disp_index_z_m,force_1st_index_x_N,force_1st_index_y_N,force_1st_index_z_N,force_1st_index_mag_N,stiff_1st_index_00_Npm,stiff_1st_index_01_Npm,stiff_1st_index_02_Npm,stiff_1st_index_10_Npm,stiff_1st_index_11_Npm,stiff_1st_index_12_Npm,stiff_1st_index_20_Npm,stiff_1st_index_21_Npm,stiff_1st_index_22_Npm,stiff_1st_index_eig_0_Npm,stiff_1st_index_eig_1_Npm,stiff_1st_index_eig_2_Npm,force_2nd_index_x_N,force_2nd_index_y_N,force_2nd_index_z_N,force_2nd_index_mag_N,stiff_2nd_index_00_Npm,stiff_2nd_index_01_Npm,stiff_2nd_index_02_Npm,stiff_2nd_index_10_Npm,stiff_2nd_index_11_Npm,stiff_2nd_index_12_Npm,stiff_2nd_index_20_Npm,stiff_2nd_index_21_Npm,stiff_2nd_index_22_Npm,stiff_2nd_index_eig_0_Npm,stiff_2nd_index_eig_1_Npm,stiff_2nd_index_eig_2_Npm,tip_middle_x_m,tip_middle_y_m,tip_middle_z_m,ref_middle_x_m,ref_middle_y_m,ref_middle_z_m,disp_middle_x_m,disp_middle_y_m,disp_middle_z_m,force_1st_middle_x_N,force_1st_middle_y_N,force_1st_middle_z_N,force_1st_middle_mag_N,stiff_1st_middle_00_Npm,stiff_1st_middle_01_Npm,stiff_1st_middle_02_Npm,stiff_1st_middle_10_Npm,stiff_1st_middle_11_Npm,stiff_1st_middle_12_Npm,stiff_1st_middle_20_Npm,stiff_1st_middle_21_Npm,stiff_1st_middle_22_Npm,stiff_1st_middle_eig_0_Npm,stiff_1st_middle_eig_1_Npm,stiff_1st_middle_eig_2_Npm,force_2nd_middle_x_N,force_2nd_middle_y_N,force_2nd_middle_z_N,force_2nd_middle_mag_N,stiff_2nd_middle_00_Npm,stiff_2nd_middle_01_Npm,stiff_2nd_middle_02_Npm,stiff_2nd_middle_10_Npm,stiff_2nd_middle_11_Npm,stiff_2nd_middle_12_Npm,stiff_2nd_middle_20_Npm,stiff_2nd_middle_21_Npm,stiff_2nd_middle_22_Npm,stiff_2nd_middle_eig_0_Npm,stiff_2nd_middle_eig_1_Npm,stiff_2nd_middle_eig_2_Npm,tip_ring_x_m,tip_ring_y_m,tip_ring_z_m,ref_ring_x_m,ref_ring_y_m,ref_ring_z_m,disp_ring_x_m,disp_ring_y_m,disp_ring_z_m,force_1st_ring_x_N,force_1st_ring_y_N,force_1st_ring_z_N,force_1st_ring_mag_N,stiff_1st_ring_00_Npm,stiff_1st_ring_01_Npm,stiff_1st_ring_02_Npm,stiff_1st_ring_10_Npm,stiff_1st_ring_11_Npm,stiff_1st_ring_12_Npm,stiff_1st_ring_20_Npm,stiff_1st_ring_21_Npm,stiff_1st_ring_22_Npm,stiff_1st_ring_eig_0_Npm,stiff_1st_ring_eig_1_Npm,stiff_1st_ring_eig_2_Npm,force_2nd_ring_x_N,force_2nd_ring_y_N,force_2nd_ring_z_N,force_2nd_ring_mag_N,stiff_2nd_ring_00_Npm,stiff_2nd_ring_01_Npm,stiff_2nd_ring_02_Npm,stiff_2nd_ring_10_Npm,stiff_2nd_ring_11_Npm,stiff_2nd_ring_12_Npm,stiff_2nd_ring_20_Npm,stiff_2nd_ring_21_Npm,stiff_2nd_ring_22_Npm,stiff_2nd_ring_eig_0_Npm,stiff_2nd_ring_eig_1_Npm,stiff_2nd_ring_eig_2_Npm,tip_pinky_x_m,tip_pinky_y_m,tip_pinky_z_m,ref_pinky_x_m,ref_pinky_y_m,ref_pinky_z_m,disp_pinky_x_m,disp_pinky_y_m,disp_pinky_z_m,force_1st_pinky_x_N,force_1st_pinky_y_N,force_1st_pinky_z_N,force_1st_pinky_mag_N,stiff_1st_pinky_00_Npm,stiff_1st_pinky_01_Npm,stiff_1st_pinky_02_Npm,stiff_1st_pinky_10_Npm,stiff_1st_pinky_11_Npm,stiff_1st_pinky_12_Npm,stiff_1st_pinky_20_Npm,stiff_1st_pinky_21_Npm,stiff_1st_pinky_22_Npm,stiff_1st_pinky_eig_0_Npm,stiff_1st_pinky_eig_1_Npm,stiff_1st_pinky_eig_2_Npm,force_2nd_pinky_x_N,force_2nd_pinky_y_N,force_2nd_pinky_z_N,force_2nd_pinky_mag_N,stiff_2nd_pinky_00_Npm,stiff_2nd_pinky_01_Npm,stiff_2nd_pinky_02_Npm,stiff_2nd_pinky_10_Npm,stiff_2nd_pinky_11_Npm,stiff_2nd_pinky_12_Npm,stiff_2nd_pinky_20_Npm,stiff_2nd_pinky_21_Npm,stiff_2nd_pinky_22_Npm,stiff_2nd_pinky_eig_0_Npm,stiff_2nd_pinky_eig_1_Npm,stiff_2nd_pinky_eig_2_Npm
0.0333,baseline,0.072,20.0000,4.006758,-1.303884,-1.405126,-0.013806,-0.069029,1.139748,-1.851515,0.906583,-2.687534,1.216447,-2.566350,1.422000,-1.655165,0.023790,0.221797,0.023981,0.023981,0.015328,0.023981,0.023981,0.023981,0.023981,-0.160346,0.023981,-0.016241,0.023981,1.488394,-0.738326,1.161261,0.011963,0.002301,0.000000,-0.002301,-0.003451,0.692967,0.849319,0.849319,0.551202,1.192340,1.192340,0.739600,1.177225,1.177225,0.864576,0.855825,0.855825,-0.011140,0.088706,-0.011358,0.003613,0.061050,-0.009209,-0.014753,0.027656,-0.002149,0.028075,-0.044960,0.061737,0.081370,3.620840,-5.798438,7.962185,-5.798438,9.285658,-12.750696,7.962185,-12.750696,17.508749,-0.000000,0.000000,30.415247,0.028075,-0.044960,0.061737,0.081370,2.774523,-4.443139,6.101142,-4.443139,7.115273,-9.770410,6.101142,-9.770410,13.416339,-0.000000,0.000000,23.306135,-0.017610,0.117816,0.081509,-0.017044,0.115374,0.077174,-0.000567,0.002443,0.004335,-0.016493,-0.272867,-0.265002,0.380729,0.187972,3.109945,3.020303,3.109945,51.453178,49.970079,3.020303,49.970079,48.529730,-0.000000,0.000000,100.170880,-0.016493,-0.272867,-0.265002,0.380729,0.192102,3.178271,3.086660,3.178271,52.583618,51.067936,3.086660,51.067936,49.595942,-0.000000,0.000000,102.371662,0.001767,0.107607,0.076416,0.001689,0.106490,0.075696,0.000078,0.001117,0.000720,-0.008778,-0.081077,-0.016721,0.083247,1.101488,10.174000,2.098283,10.174000,93.973118,19.380991,2.098283,19.380991,3.997131,-0.000000,0.000000,99.071737,-0.008778,-0.081077,-0.016721,0.083247,1.112666,10.277242,2.119576,10.277242,94.926717,19.577661,2.119576,19.577661,4.037692,-0.000000,0.000000,100.077075,0.017431,0.102040,0.060382,0.016028,0.099714,0.055519,0.001403,0.002326,0.004864,-0.035320,-0.412721,-0.010916,0.414374,0.727368,8.499375,0.224806,8.499375,99.316140,2.626888,0.224806,2.626888,0.069481,-0.000000,-0.000000,100.112989,-0.035320,-0.412721,-0.010916,0.414374,0.823653,9.624473,0.254565,9.624473,112.463038,2.974621,0.254565,2.974621,0.078678,-0.000000,0.000000,113.365369,0.032165,0.096264,0.061831,0.031969,0.096130,0.061585,0.000195,0.000134,0.000246,-0.004216,-0.021054,-0.013131,0.025169,2.445824,12.215252,7.618149,12.215252,61.006984,38.047541,7.618149,38.047541,23.728682,-0.000000,0.000000,87.181491,-0.004216,-0.021054,-0.013131,0.025169,2.456013,12.266136,7.649883,12.266136,61.261117,38.206033,7.649883,38.206033,23.827527,-0.000000,0.000000,87.544657
0.0759,baseline,0.072,20.0000,4.006758,-1.303884,-1.405126,-0.013806,-0.070563,1.139748,-1.851515,0.906583,-2.687534,1.207243,-2.566350,1.422000,-1.655165,0.009247,0.086102,0.023981,0.023981,-0.014988,0.023981,0.023981,0.023981,0.023981,-0.185283,0.023981,-0.013963,0.023981,1.488394,-0.738326,1.161261,0.011963,0.002352,0.000000,-0.002352,-0.003528,0.692967,0.849319,0.849319,0.551202,1.192340,1.192340,0.734004,1.177225,1.177225,0.864576,0.855825,0.855825,-0.011140,0.088706,-0.011358,0.003613,0.061050,-0.009209,-0.014753,0.027656,-0.002149,0.028075,-0.044960,0.061737,0.081370,3.620840,-5.798438,7.962185,-5.798438,9.285658,-12.750696,7.962185,-12.750696,17.508749,-0.000000,0.000000,30.415247,0.028075,-0.044960,0.061737,0.081370,2.774523,-4.443139,6.101142,-4.443139,7.115273,-9.770410,6.101142,-9.770410,13.416339,-0.000000,0.000000,23.306135,-0.017609,0.117816,0.081509,-0.017044,0.115374,0.077174,-0.000565,0.002442,0.004335,-0.016509,-0.272856,-0.264994,0.380716,0.188359,3.113120,3.023424,3.113120,51.452364,49.969904,3.023424,49.969904,48.530157,-0.000000,0.000000,100.170880,-0.016509,-0.272856,-0.264994,0.380716,0.192497,3.181513,3.089846,3.181513,52.582727,51.067699,3.089846,51.067699,49.596321,-0.000000,-0.000000,102.371546,0.001767,0.107607,0.076416,0.001689,0.106490,0.075696,0.000078,0.001117,0.000720,-0.008778,-0.081077,-0.016721,0.083247,1.101488,10.174000,2.098283,10.174000,93.973118,19.380991,2.098283,19.380991,3.997131,-0.000000,0.000000,99.071737,-0.008778,-0.081077,-0.016721,0.083247,1.112666,10.277242,2.119576,10.277242,94.926717,19.577661,2.119576,19.577661,4.037692,-0.000000,0.000000,100.077075,0.017520,0.102139,0.060703,0.016028,0.099714,0.055519,0.001492,0.002425,0.005184,-0.038103,-0.437869,-0.013962,0.439745,0.751617,8.637468,0.275418,8.637468,99.260454,3.165061,0.275418,3.165061,0.100922,-0.000000,0.000000,100.112994,-0.038103,-0.437869,-0.013962,0.439745,0.857436,9.853528,0.314194,9.853528,113.235220,3.610666,0.314194,3.610666,0.115131,-0.000000,-0.000000,114.207788,0.032163,0.096264,0.061831,0.031969,0.096130,0.061585,0.000194,0.000133,0.000246,-0.004206,-0.021012,-0.013105,0.025119,2.444270,12.211290,7.616103,12.211290,61.006195,38.049174,7.616103,38.049174,23.731026,-0.000000,0.000000,87.181491,-0.004206,-0.021012,-0.013105,0.025119,2.454429,12.262042,7.647757,12.262042,61.259747,38.207313,7.647757,38.207313,23.829657,-0.000000,0.000000,87.543832
0.1185,baseline,0.072,20.0000,4.006758,-1.303884,-1.405126,-0.013806,-0.067495,1.139748,-1.851515,0.906583,-2.687534,1.201107,-2.566350,1.422000,-1.655165,0.014767,0.038192,0.023981,0.023981,0.049963,0.023981,0.023981,0.023981,0.023981,-0.169766,0.023981,0.013894,0.023981,1.488394,-0.738326,1.161261,0.011963,0.002250,0.000000,-0.002250,-0.003375,0.692967,0.849319,0.849319,0.551202,1.192340,1.192340,0.730273,1.177225,1.177225,0.864576,0.855825,0.855825,-0.011140,0.088706,-0.011358,0.003613,0.061050,-0.009209,-0.014753,0.027656,-0.002149,0.028075,-0.044960,0.061737,0.081370,3.620840,-5.798438,7.962185,-5.798438,9.285658,-12.750696,7.962185,-12.750696,17.508749,-0.000000,0.000000,30.415247,0.028075,-0.044960,0.061737,0.081370,2.774523,-4.443139,6.101142,-4.443139,7.115273,-9.770410,6.101142,-9.770410,13.416339,-0.000000,0.000000,23.306135,-0.017612,0.117817,0.081509,-0.017044,0.115374,0.077174,-0.000569,0.002443,0.004335,-0.016476,-0.272878,-0.265009,0.380741,0.187585,3.106770,3.017182,3.106770,51.453991,49.970255,3.017182,49.970255,48.529304,-0.000000,0.000000,100.170880,-0.016476,-0.272878,-0.265009,0.380741,0.191707,3.175030,3.083474,3.175030,52.584509,51.068173,3.083474,51.068173,49.595562,0.000000,0.000000,102.371778,0.001767,0.107607,0.076416,0.001689,0.106490,0.075696,0.000078,0.001117,0.000720,-0.008778,-0.081077,-0.016721,0.083247,1.101488,10.174000,2.098283,10.174000,93.973118,19.380991,2.098283,19.380991,3.997131,-0.000000,0.000000,99.071737,-0.008778,-0.081077,-0.016721,0.083247,1.112666,10.277242,2.119576,10.277242,94.926717,19.577661,2.119576,19.577661,4.037692,-0.000000,0.000000,100.077075,0.017581,0.102204,0.060917,0.016028,0.099714,0.055519,0.001553,0.002490,0.005399,-0.040026,-0.454679,-0.016138,0.456723,0.768884,8.734302,0.310014,8.734302,99.219115,3.521668,0.310014,3.521668,0.124998,-0.000000,0.000000,100.112997,-0.040026,-0.454679,-0.016138,0.456723,0.881448,10.012993,0.355400,10.012993,113.744678,4.037236,0.355400,4.037236,0.143297,-0.000000,0.000000,114.769423,0.032166,0.096264,0.061830,0.031969,0.096130,0.061585,0.000197,0.000134,0.000246,-0.004226,-0.021099,-0.013158,0.025222,2.447379,12.219213,7.620194,12.219213,61.007774,38.045907,7.620194,38.045907,23.726338,0.000000,0.000000,87.181491,-0.004226,-0.021099,-0.013158,0.025222,2.457598,12.270234,7.652012,12.270234,61.262511,38.204768,7.652012,38.204768,23.825407,-0.000000,0.000000,87.545517
0.1606,baseline,0.072,20.0000,4.006758,-1.303884,-1.405126,-0.013806,-0.069029,1.139748,-1.851515,0.906583,-2.687534,1.201107,-2.566350,1.426602,-1.655165,0.015551,0.026907,0.023981,0.023981,0.022920,0.023981,0.023981,0.023981,0.023981,-0.075546,0.023981,0.084604,0.023981,1.488394,-0.738326,1.161261,0.011963,0.002301,0.000000,-0.002301,-0.003451,0.692967,0.849319,0.849319,0.551202,1.192340,1.192340,0.730273,1.177225,1.177225,0.867374,0.855825,0.855825,-0.011140,0.088706,-0.011358,0.003613,0.061050,-0.009209,-0.014753,0.027656,-0.002149,0.028075,-0.044960,0.061737,0.081370,3.620840,-5.798438,7.962185,-5.798438,9.285658,-12.750696,7.962185,-12.750696,17.508749,-0.000000,0.000000,30.415247,0.028075,-0.044960,0.061737,0.081370,2.774523,-4.443139,6.101142,-4.443139,7.115273,-9.770410,6.101142,-9.770410,13.416339,-0.000000,0.000000,23.306135,-0.017610,0.117816,0.081509,-0.017044,0.115374,0.077174,-0.000567,0.002443,0.004335,-0.016493,-0.272867,-0.265002,0.380729,0.187972,3.109945,3.020303,3.109945,51.453178,49.970079,3.020303,49.970079,48.529730,-0.000000,0.000000,100.170880,-0.016493,-0.272867,-0.265002,0.380729,0.192102,3.178271,3.086660,3.178271,52.583618,51.067936,3.086660,51.067936,49.595942,-0.000000,0.000000,102.371662,0.001767,0.107607,0.076416,0.001689,0.106490,0.075696,0.000078,0.001117,0.000720,-0.008778,-0.081077,-0.016721,0.083247,1.101488,10.174000,2.098283,10.174000,93.973118,19.380991,2.098283,19.380991,3.997131,-0.000000,0.000000,99.071737,-0.008778,-0.081077,-0.016721,0.083247,1.112666,10.277242,2.119576,10.277242,94.926717,19.577661,2.119576,19.577661,4.037692,-0.000000,0.000000,100.077075,0.017580,0.102204,0.060917,0.016028,0.099714,0.055519,0.001552,0.002490,0.005399,-0.040015,-0.454662,-0.016141,0.456705,0.768547,8.732396,0.310008,8.732396,99.219403,3.522374,0.310008,3.522374,0.125047,-0.000000,0.000000,100.112997,-0.040015,-0.454662,-0.016141,0.456705,0.881057,10.010757,0.355390,10.010757,113.744423,4.038024,0.355390,4.038024,0.143353,-0.000000,0.000000,114.768833,0.032088,0.096236,0.061697,0.031969,0.096130,0.061585,0.000119,0.000106,0.000112,-0.002263,-0.011409,-0.007076,0.013614,2.408667,12.143698,7.531275,12.143698,61.224485,37.970183,7.531275,37.970183,23.548337,-0.000000,0.000000,87.181489,-0.002263,-0.011409,-0.007076,0.013614,2.412509,12.163067,7.543288,12.163067,61.322138,38.030746,7.543288,38.030746,23.585897,-0.000000,0.000000,87.320543
0.2029,baseline,0.072,20.0000,4.006758,-1.297748,-1.405126,-0.013806,-0.070563,1.139748,-1.851515,0.906583,-2.687534,1.201107,-2.566350,1.425068,-1.655165,0.022052,0.067939,0.023981,0.023981,-0.029600,0.023981,0.023981,0.023981,0.023981,-0.010784,0.023981,0.028510,0.023981,1.488394,-0.734851,1.161261,0.011963,0.002352,0.000000,-0.002352,-0.003528,0.692967,0.849319,0.849319,0.551202,1.192340,1.192340,0.730273,1.177225,1.177225,0.866441,0.855825,0.855825,-0.011180,0.088799,-0.011180,0.003613,0.061050,-0.009209,-0.014794,0.027749,-0.001971,0.027178,-0.043633,0.059499,0.078629,3.634108,-5.834401,7.955899,-5.834401,9.366876,-12.772848,7.955899,-12.772848,17.417296,-0.000000,0.000000,30.418280,0.027178,-0.043633,0.059499,0.078629,2.780803,-4.464458,6.087819,-4.464458,7.167492,-9.773727,6.087819,-9.773727,13.327638,-0.000000,0.000000,23.275934,-0.017609,0.117816,0.081509,-0.017044,0.115374,0.077174,-0.000565,0.002442,0.004335,-0.016509,-0.272856,-0.264994,0.380716,0.188359,3.113120,3.023424,3.113120,51.452364,49.969904,3.023424,49.969904,48.530157,-0.000000,-0.000000,100.170880,-0.016509,-0.272856,-0.264994,0.380716,0.192497,3.181513,3.089846,3.181513,52.582727,51.067699,3.089846,51.067699,49.596321,-0.000000,0.000000,102.371546,0.001767,0.107607,0.076416,0.001689,0.106490,0.075696,0.000078,0.001117,0.000720,-0.008778,-0.081077,-0.016721,0.083247,1.101488,10.174000,2.098283,10.174000,93.973118,19.380991,2.098283,19.380991,3.997131,-0.000000,0.000000,99.071737,-0.008778,-0.081077,-0.016721,0.083247,1.112666,10.277242,2.119576,10.277242,94.926717,19.577661,2.119576,19.577661,4.037692,-0.000000,0.000000,100.077075,0.017579,0.102204,0.060917,0.016028,0.099714,0.055519,0.001551,0.002490,0.005399,-0.040005,-0.454646,-0.016144,0.456688,0.768209,8.730491,0.310001,8.730491,99.219690,3.523079,0.310001,3.523079,0.125097,0.000000,0.000000,100.112997,-0.040005,-0.454646,-0.016144,0.456688,0.880665,10.008523,0.355381,10.008523,113.744183,4.038813,0.355381,4.038813,0.143410,-0.000000,0.000000,114.768258,0.032112,0.096245,0.061741,0.031969,0.096130,0.061585,0.000143,0.000115,0.000156,-0.002901,-0.014585,-0.009063,0.017414,2.419482,12.163651,7.558161,12.163651,61.151259,37.997724,7.558161,37.997724,23.610748,-0.000000,-0.000000,87.181490,-0.002901,-0.014585,-0.009063,0.017414,2.425394,12.193369,7.576627,12.193369,61.300662,38.090559,7.576627,38.090559,23.668434,-0.000000,0.000000,87.394490
0.2454,baseline,0.072,20.0000,4.006758,-1.287010,-1.405126,-0.013806,-0.070563,1.139748,-1.851515,0.906583,-2.687534,1.211845,-2.566350,1.422000,-1.655165,0.009482,0.223315,0.023981,0.023981,-0.010934,0.023981,0.023981,0.023981,0.023981,0.086497,0.023981,-0.043118,0.023981,1.488394,-0.728771,1.161261,0.011963,0.002352,0.000000,-0.002352,-0.003528,0.692967,0.849319,0.849319,0.551202,1.192340,1.192340,0.736802,1.177225,1.177225,0.864576,0.855825,0.855825,-0.011251,0.088960,-0.010867,0.003613,0.061050,-0.009209,-0.014865,0.027910,-0.001658,0.025604,-0.041285,0.055615,0.073845,3.657425,-5.897422,7.944554,-5.897422,9.509310,-12.810212,7.944554,-12.810212,17.256934,-0.000000,0.000000,30.423668,0.025604,-0.041285,0.055615,0.073845,2.791832,-4.501695,6.064338,-4.501695,7.258767,-9.778453,6.064338,-9.778453,13.172781,-0.000000,0.000000,23.223380,-0.017609,0.117816,0.081509,-0.017044,0.115374,0.077174,-0.000565,0.002442,0.004335,-0.016509,-0.272856,-0.264994,0.380716,0.188359,3.113120,3.023424,3.113120,51.452364,49.969904,3.023424,49.969904,48.530157,-0.000000,0.000000,100.170880,-0.016509,-0.272856,-0.264994,0.380716,0.192497,3.181513,3.089846,3.181513,52.582727,51.067699,3.089846,51.067699,49.596322,-0.000000,-0.000000,102.371546,0.001767,0.107607,0.076416,0.001689,0.106490,0.075696,0.000078,0.001117,0.000720,-0.008778,-0.081077,-0.016721,0.083247,1.101488,10.174000,2.098283,10.174000,93.973118,19.380991,2.098283,19.380991,3.997131,-0.000000,0.000000,99.071737,-0.008778,-0.081077,-0.016721,0.083247,1.112666,10.277242,2.119576,10.277242,94.926717,19.577661,2.119576,19.577661,4.037692,-0.000000,0.000000,100.077075,0.017475,0.102090,0.060543,0.016028,0.099714,0.055519,0.001447,0.002376,0.005024,-0.036697,-0.425287,-0.012406,0.427047,0.739284,8.567552,0.249926,8.567552,99.289216,2.896386,0.249926,2.896386,0.084491,-0.000000,0.000000,100.112991,-0.036697,-0.425287,-0.012406,0.427047,0.840257,9.737726,0.284061,9.737726,112.850341,3.291980,0.284061,3.291980,0.096031,-0.000000,0.000000,113.786629,0.032163,0.096264,0.061831,0.031969,0.096130,0.061585,0.000194,0.000133,0.000246,-0.004206,-0.021012,-0.013105,0.025118,2.444270,12.211290,7.616103,12.211290,61.006195,38.049174,7.616103,38.049174,23.731026,-0.000000,0.000000,87.181491,-0.004206,-0.021012,-0.013105,0.025118,2.454428,12.262041,7.647757,12.262041,61.259743,38.207310,7.647757,38.207310,23.829655,-0.000000,0.000000,87.543826
0.2878,baseline,0.072,20.0000,4.006758,-1.287010,-1.405126,-0.013806,-0.069029,1.139748,-1.851515,0.906583,-2.687534,1.237922,-2.566350,1.422000,-1.655165,0.004209,0.120521,0.023981,0.023981,0.008554,0.023981,0.023981,0.023981,0.023981,0.506386,0.023981,-0.018186,0.023981,1.488394,-0.728771,1.161261,0.011963,0.002301,0.000000,-0.002301,-0.003451,0.692967,0.849319,0.849319,0.551202,1.192340,1.192340,0.752657,1.177225,1.177225,0.864576,0.855825,0.855825,-0.011251,0.088960,-0.010867,0.003613,0.061050,-0.009209,-0.014865,0.027910,-0.001658,0.025604,-0.041285,0.055615,0.073845,3.657425,-5.897422,7.944554,-5.897422,9.509310,-12.810212,7.944554,-12.810212,17.256934,-0.000000,0.000000,30.423668,0.025604,-0.041285,0.055615,0.073845,2.791832,-4.501695,6.064338,-4.501695,7.258767,-9.778453,6.064338,-9.778453,13.172781,-0.000000,0.000000,23.223380,-0.017610,0.117816,0.081509,-0.017044,0.115374,0.077174,-0.000567,0.002443,0.004335,-0.016493,-0.272867,-0.265002,0.380729,0.187972,3.109945,3.020303,3.109945,51.453178,49.970079,3.020303,49.970079,48.529730,-0.000000,0.000000,100.170880,-0.016493,-0.272867,-0.265002,0.380729,0.192102,3.178271,3.086660,3.178271,52.583619,51.067936,3.086660,51.067936,49.595942,-0.000000,0.000000,102.371663,0.001767,0.107607,0.076416,0.001689,0.106490,0.075696,0.000078,0.001117,0.000720,-0.008778,-0.081077,-0.016721,0.083247,1.101488,10.174000,2.098283,10.174000,93.973118,19.380991,2.098283,19.380991,3.997131,-0.000000,0.000000,99.071737,-0.008778,-0.081077,-0.016721,0.083247,1.112666,10.277242,2.119576,10.277242,94.926717,19.577661,2.119576,19.577661,4.037692,-0.000000,0.000000,100.077075,0.017223,0.101802,0.059636,0.016028,0.099714,0.055519,0.001195,0.002088,0.004117,-0.029095,-0.354032,-0.004882,0.355259,0.671507,8.170862,0.112676,8.170862,99.422561,1.371030,0.112676,1.371030,0.018906,-0.000000,0.000000,100.112974,-0.029095,-0.354032,-0.004882,0.355259,0.747134,9.091077,0.125365,9.091077,110.619684,1.525438,0.125365,1.525438,0.021036,-0.000000,-0.000000,111.387853,0.032165,0.096264,0.061831,0.031969,0.096130,0.061585,0.000195,0.000134,0.000246,-0.004215,-0.021052,-0.013129,0.025166,2.445824,12.215252,7.618149,12.215252,61.006984,38.047541,7.618149,38.047541,23.728682,-0.000000,0.000000,87.181491,-0.004215,-0.021052,-0.013129,0.025166,2.456012,12.266131,7.649880,12.266131,61.261095,38.206019,7.649880,38.206019,23.827519,-0.000000,-0.000000,87.544625
0.3302,baseline,0.072,20.0000,4.006758,-1.287010,-1.405126,-0.013806,-0.062893,1.139748,-1.851515,0.906583,-2.687534,1.237922,-2.566350,1.420466,-1.655165,0.011211,0.046066,0.023981,0.023981,0.116088,0.023981,0.023981,0.023981,0.023981,0.301750,0.023981,-0.016059,0.023981,1.488394,-0.728771,1.161261,0.011963,0.002096,0.000000,-0.002096,-0.003145,0.692967,0.849319,0.849319,0.551202,1.192340,1.192340,0.752657,1.177225,1.177225,0.863643,0.855825,0.855825,-0.011251,0.088960,-0.010867,0.003613,0.061050,-0.009209,-0.014865,0.027910,-0.001658,0.025604,-0.041285,0.055615,0.073845,3.657425,-5.897422,7.944554,-5.897422,9.509310,-12.810212,7.944554,-12.810212,17.256934,-0.000000,0.000000,30.423668,0.025604,-0.041285,0.055615,0.073845,2.791832,-4.501695,6.064338,-4.501695,7.258767,-9.778453,6.064338,-9.778453,13.172781,-0.000000,0.000000,23.223380,-0.017617,0.117817,0.081508,-0.017044,0.115374,0.077174,-0.000573,0.002443,0.004334,-0.016427,-0.272911,-0.265032,0.380779,0.186428,3.097243,3.007820,3.097243,51.456431,49.970779,3.007820,49.970779,48.528021,-0.000000,0.000000,100.170880,-0.016427,-0.272911,-0.265032,0.380779,0.190525,3.165305,3.073916,3.165305,52.587182,51.068883,3.073916,51.068883,49.594421,-0.000000,0.000000,102.372128,0.001767,0.107607,0.076416,0.001689,0.106490,0.075696,0.000078,0.001117,0.000720,-0.008778,-0.081077,-0.016721,0.083247,1.101488,10.174000,2.098283,10.174000,93.973118,19.380991,2.098283,19.380991,3.997131,-0.000000,0.000000,99.071737,-0.008778,-0.081077,-0.016721,0.083247,1.112666,10.277242,2.119576,10.277242,94.926717,19.577661,2.119576,19.577661,4.037692,-0.000000,0.000000,100.077075,0.017226,0.101802,0.059636,0.016028,0.099714,0.055519,0.001197,0.002088,0.004118,-0.029127,-0.354098,-0.004873,0.355327,0.672704,8.178090,0.112554,8.178090,99.421439,1.368326,0.112554,1.368326,0.018832,-0.000000,0.000000,100.112974,-0.029127,-0.354098,-0.004873,0.355327,0.748480,9.099311,0.125233,9.099311,110.620766,1.522461,0.125233,1.522461,0.020953,-0.000000,0.000000,111.390199,0.032196,0.096274,0.061875,0.031969,0.096130,0.061585,0.000227,0.000144,0.000290,-0.004914,-0.024433,-0.015263,0.029225,2.464505,12.254829,7.655367,12.254829,60.937512,38.066547,7.655367,38.066547,23.779474,-0.000000,0.000000,87.181491,-0.004914,-0.024433,-0.015263,0.029225,2.476973,12.316825,7.694095,12.316825,61.245791,38.259123,7.694095,38.259123,23.899772,-0.000000,0.000000,87.622536
0.3734,baseline,0.072,20.0000,4.006758,-1.287010,-1.405126,-0.013806,-0.065961,1.139748,-1.851515,0.906583,-2.687534,1.231787,-2.566350,1.422000,-1.655165,0.013801,0.029033,0.023981,0.023981,0.027438,0.023981,0.023981,0.023981,0.023981,0.009708,0.023981,0.018372,0.023981,1.488394,-0.728771,1.161261,0.011963,0.002199,0.000000,-0.002199,-0.003298,0.692967,0.849319,0.849319,0.551202,1.192340,1.192340,0.748926,1.177225,1.177225,0.864576,0.855825,0.855825,-0.011251,0.088960,-0.010867,0.003613,0.061050,-0.009209,-0.014865,0.027910,-0.001658,0.025604,-0.041285,0.055615,0.073845,3.657425,-5.897422,7.944554,-5.897422,9.509310,-12.810212,7.944554,-12.810212,17.256934,-0.000000,0.000000,30.423668,0.025604,-0.041285,0.055615,0.073845,2.791832,-4.501695,6.064338,-4.501695,7.258767,-9.778453,6.064338,-9.778453,13.172781,-0.000000,0.000000,23.223380,-0.017614,0.117817,0.081509,-0.017044,0.115374,0.077174,-0.000570,0.002443,0.004334,-0.016460,-0.272889,-0.265017,0.380754,0.187199,3.103594,3.014061,3.103594,51.454804,49.970430,3.014061,49.970430,48.528877,-0.000000,0.000000,100.170880,-0.016460,-0.272889,-0.265017,0.380754,0.191312,3.171788,3.080288,3.171788,52.585400,51.068410,3.080288,51.068410,49.595182,-0.000000,0.000000,102.371895,0.001767,0.107607,0.076416,0.001689,0.106490,0.075696,0.000078,0.001117,0.000720,-0.008778,-0.081077,-0.016721,0.083247,1.101488,10.174000,2.098283,10.174000,93.973118,19.380991,2.098283,19.380991,3.997131,-0.000000,0.000000,99.071737,-0.008778,-0.081077,-0.016721,0.083247,1.112666,10.277242,2.119576,10.277242,94.926717,19.577661,2.119576,19.577661,4.037692,-0.000000,0.000000,100.077075,0.017284,0.101871,0.059849,0.016028,0.099714,0.055519,0.001256,0.002157,0.004330,-0.030849,-0.370828,-0.006450,0.372165,0.687864,8.268631,0.143810,8.268631,99.395049,1.728703,0.143810,1.728703,0.030066,-0.000000,0.000000,100.112979,-0.030849,-0.370828,-0.006450,0.372165,0.769232,9.246742,0.160822,9.246742,111.152661,1.933194,0.160822,1.933194,0.033623,-0.000000,-0.000000,111.955516,0.032168,0.096264,0.061830,0.031969,0.096130,0.061585,0.000198,0.000134,0.000245,-0.004235,-0.021139,-0.013182,0.025269,2.448935,12.223175,7.622238,12.223175,61.008563,38.044273,7.622238,38.044273,23.723993,-0.000000,0.000000,87.181491,-0.004235,-0.021139,-0.013182,0.025269,2.459183,12.274324,7.654134,12.274324,61.263859,38.203473,7.654134,38.203473,23.823269,-0.000000,0.000000,87.546310
0.4150,baseline,0.072,20.0000,4.006758,-1.285476,-1.405126,-0.013806,-0.070563,1.139748,-1.851515,0.906583,-2.687534,1.230253,-2.566350,1.425068,-1.655165,0.015153,0.025137,0.023981,0.023981,-0.067702,0.023981,0.023981,0.023981,0.023981,-0.092267,0.023981,0.068048,0.023981,1.488394,-0.727903,1.161261,0.011963,0.002352,0.000000,-0.002352,-0.003528,0.692967,0.849319,0.849319,0.551202,1.192340,1.192340,0.747994,1.177225,1.177225,0.866441,0.855825,0.855825,-0.011262,0.088983,-0.010822,0.003613,0.061050,-0.009209,-0.014875,0.027933,-0.001613,0.025378,-0.040946,0.055064,0.073162,3.660766,-5.906434,7.942898,-5.906434,9.529688,-12.815403,7.942898,-12.815403,17.233992,-0.000000,0.000000,30.424446,0.025378,-0.040946,0.055064,0.073162,2.793411,-4.507007,6.060966,-4.507007,7.271794,-9.779016,6.060966,-9.779016,13.150697,-0.000000,0.000000,23.215903,-0.017609,0.117816,0.081509,-0.017044,0.115374,0.077174,-0.000565,0.002442,0.004335,-0.016509,-0.272856,-0.264994,0.380716,0.188359,3.113120,3.023424,3.113120,51.452364,49.969904,3.023424,49.969904,48.530157,-0.000000,-0.000000,100.170880,-0.016509,-0.272856,-0.264994,0.380716,0.192497,3.181513,3.089846,3.181513,52.582728,51.067699,3.089846,51.067699,49.596322,-0.000000,0.000000,102.371547,0.001767,0.107607,0.076416,0.001689,0.106490,0.075696,0.000078,0.001117,0.000720,-0.008778,-0.081077,-0.016721,0.083247,1.101488,10.174000,2.098283,10.174000,93.973118,19.380991,2.098283,19.380991,3.997131,-0.000000,0.000000,99.071737,-0.008778,-0.081077,-0.016721,0.083247,1.112666,10.277242,2.119576,10.277242,94.926717,19.577661,2.119576,19.577661,4.037692,-0.000000,0.000000,100.077075,0.017297,0.101888,0.059902,0.016028,0.099714,0.055519,0.001268,0.002174,0.004384,-0.031264,-0.374970,-0.006868,0.376333,0.690910,8.286654,0.151785,8.286654,99.388725,1.820481,0.151785,1.820481,0.033345,-0.000000,0.000000,100.112980,-0.031264,-0.374970,-0.006868,0.376333,0.773603,9.278458,0.169951,9.278458,111.284255,2.038368,0.169951,2.038368,0.037336,-0.000000,0.000000,112.095194,0.032112,0.096245,0.061741,0.031969,0.096130,0.061585,0.000143,0.000115,0.000156,-0.002900,-0.014581,-0.009060,0.017410,2.419482,12.163651,7.558161,12.163651,61.151259,37.997723,7.558161,37.997723,23.610748,-0.000000,0.000000,87.181490,-0.002900,-0.014581,-0.009060,0.017410,2.425393,12.193363,7.576623,12.193363,61.300633,38.090540,7.576623,38.090540,23.668422,-0.000000,0.000000,87.394447
0.4575,baseline,0.072,20.0000,4.006758,-1.277806,-1.405126,-0.013806,-0.072097,1.139748,-1.851515,0.906583,-2.687534,1.230253,-2.566350,1.422000,-1.655165,0.015631,0.120223,0.023981,0.023981,-0.058128,0.023981,0.023981,0.023981,0.023981,0.008161,0.023981,0.004015,0.023981,1.488394,-0.723559,1.161261,0.011963,0.002403,0.000000,-0.002403,-0.003605,0.692967,0.849319,0.849319,0.551202,1.192340,1.192340,0.747994,1.177225,1.177225,0.864576,0.855825,0.855825,-0.011312,0.089096,-0.010597,0.003613,0.061050,-0.009209,-0.014926,0.028046,-0.001388,0.024250,-0.039245,0.052321,0.069755,3.677511,-5.951524,7.934478,-5.951524,9.631687,-12.840813,7.934478,-12.840813,17.119168,-0.000000,0.000000,30.428367,0.024250,-0.039245,0.052321,0.069755,2.801323,-4.533539,6.044042,-4.533539,7.336881,-9.781414,6.044042,-9.781414,13.040426,-0.000000,0.000000,23.178630,-0.017607,0.117816,0.081509,-0.017044,0.115374,0.077174,-0.000564,0.002442,0.004335,-0.016526,-0.272845,-0.264987,0.380704,0.188746,3.116295,3.026545,3.116295,51.451551,49.969728,3.026545,49.969728,48.530583,-0.000000,0.000000,100.170880,-0.016526,-0.272845,-0.264987,0.380704,0.192893,3.184754,3.093032,3.184754,52.581836,51.067462,3.093032,51.067462,49.596701,-0.000000,0.000000,102.371430,0.001767,0.107607,0.076416,0.001689,0.106490,0.075696,0.000078,0.001117,0.000720,-0.008778,-0.081077,-0.016721,0.083247,1.101488,10.174000,2.098283,10.174000,93.973118,19.380991,2.098283,19.380991,3.997131,-0.000000,0.000000,99.071737,-0.008778,-0.081077,-0.016721,0.083247,1.112666,10.277242,2.119576,10.277242,94.926717,19.577661,2.119576,19.577661,4.037692,-0.000000,0.000000,100.077075,0.017296,0.101888,0.059902,0.016028,0.099714,0.055519,0.001268,0.002174,0.004384,-0.031255,-0.374953,-0.006870,0.376317,0.690603,8.284826,0.151808,8.284826,99.389007,1.821163,0.151808,1.821163,0.033370,-0.000000,-0.000000,100.112980,-0.031255,-0.374953,-0.006870,0.376317,0.773255,9.276364,0.169976,9.276364,111.283998,2.039121,0.169976,2.039121,0.037364,-0.000000,0.000000,112.094617,0.032162,0.096263,0.061831,0.031969,0.096130,0.061585,0.000193,0.000133,0.000246,-0.004195,-0.020966,-0.013077,0.025064,2.442716,12.207328,7.614058,12.207328,61.005405,38.050806,7.614058,38.050806,23.733370,-0.000000,0.000000,87.181491,-0.004195,-0.020966,-0.013077,0.025064,2.452843,12.257942,7.645627,12.257942,61.258345,38.208572,7.645627,38.208572,23.831773,-0.000000,0.000000,87.542961
0.4999,baseline,0.072,20.0000,4.006758,-1.276272,-1.405126,-0.013806,-0.072097,1.139748,-1.851515,0.906583,-2.687534,1.250194,-2.566350,1.422000,-1.655165,0.022071,0.122214,0.014160,0.023981,-0.013907,0.023981,0.023981,0.023981,0.023981,0.198225,0.023981,-0.023206,0.023981,1.488394,-0.722691,1.161261,0.011963,0.002403,0.000000,-0.002403,-0.003605,0.692967,0.849319,0.849319,0.551202,1.192340,1.192340,0.760118,1.177225,1.177225,0.864576,0.855825,0.855825,-0.011322,0.089119,-0.010552,0.003613,0.061050,-0.009209,-0.014936,0.028069,-0.001343,0.024024,-0.038903,0.051775,0.069074,3.680868,-5.960548,7.932766,-5.960548,9.652109,-12.845785,7.932766,-12.845785,17.096180,-0.000000,0.000000,30.429157,0.024024,-0.038903,0.051775,0.069074,2.802908,-4.538839,6.040644,-4.538839,7.349889,-9.781810,6.040644,-9.781810,13.018401,-0.000000,0.000000,23.171198,-0.017607,0.117816,0.081509,-0.017044,0.115374,0.077174,-0.000564,0.002442,0.004335,-0.016526,-0.272845,-0.264987,0.380704,0.188746,3.116295,3.026545,3.116295,51.451551,49.969728,3.026545,49.969728,48.530583,-0.000000,0.000000,100.170880,-0.016526,-0.272845,-0.264987,0.380704,0.192893,3.184754,3.093032,3.184754,52.581837,51.067462,3.093032,51.067462,49.596702,-0.000000,-0.000000,102.371431,0.001767,0.107607,0.076416,0.001689,0.106490,0.075696,0.000078,0.001117,0.000720,-0.008778,-0.081077,-0.016721,0.083247,1.101488,10.174000,2.098283,10.174000,93.973118,19.380991,2.098283,19.380991,3.997131,-0.000000,0.000000,99.071737,-0.008778,-0.081077,-0.016721,0.083247,1.112666,10.277242,2.119576,10.277242,94.926717,19.577661,2.119576,19.577661,4.037692,-0.000000,0.000000,100.077075,0.017103,0.101661,0.059211,0.016028,0.099714,0.055519,0.001075,0.001947,0.003692,-0.025707,-0.320490,-0.002107,0.321527,0.639960,7.978473,0.052448,7.978473,99.468706,0.653881,0.052448,0.653881,0.004298,-0.000000,0.000000,100.112965,-0.025707,-0.320490,-0.002107,0.321527,0.704761,8.786353,0.057759,8.786353,109.540662,0.720091,0.057759,0.720091,0.004734,-0.000000,0.000000,110.250157,0.032162,0.096263,0.061831,0.031969,0.096130,0.061585,0.000193,0.000133,0.000246,-0.004195,-0.020964,-0.013076,0.025061,2.442716,12.207328,7.614058,12.207328,61.005405,38.050806,7.614058,38.050806,23.733370,-0.000000,0.000000,87.181491,-0.004195,-0.020964,-0.013076,0.025061,2.452843,12.257938,7.645624,12.257938,61.258325,38.208559,7.645624,38.208559,23.831765,-0.000000,0.000000,87.542932
0.5423,baseline,0.072,20.0000,4.005224,-1.276272,-1.405126,-0.013806,-0.072097,1.139748,-1.851515,0.906583,-2.687534,1.254796,-2.566350,1.422000,-1.655165,0.021146,0.046454,0.016897,0.023981,0.006639,0.023981,0.023981,0.023981,0.023981,0.349434,0.023981,0.016736,0.023981,1.487825,-0.722691,1.161261,0.011963,0.002403,0.000000,-0.002403,-0.003605,0.692967,0.849319,0.849319,0.551202,1.192340,1.192340,0.762916,1.177225,1.177225,0.864576,0.855825,0.855825,-0.011361,0.089128,-0.010561,0.003613,0.061050,-0.009209,-0.014974,0.028078,-0.001352,0.024312,-0.039307,0.052339,0.069824,3.689047,-5.964311,7.941821,-5.964311,9.642872,-12.840034,7.941821,-12.840034,17.097238,-0.000000,0.000000,30.429157,0.024312,-0.039307,0.052339,0.069824,2.809414,-4.542153,6.048136,-4.542153,7.343581,-9.778397,6.048136,-9.778397,13.020493,-0.000000,0.000000,23.173487,-0.017607,0.117816,0.081509,-0.017044,0.115374,0.077174,-0.000564,0.002442,0.004335,-0.016526,-0.272845,-0.264987,0.380704,0.188746,3.116295,3.026545,3.116295,51.451551,49.969728,3.026545,49.969728,48.530583,-0.000000,0.000000,100.170880,-0.016526,-0.272845,-0.264987,0.380704,0.192893,3.184754,3.093032,3.184754,52.581837,51.067462,3.093032,51.067462,49.596702,0.000000,0.000000,102.371431,0.001767,0.107607,0.076416,0.001689,0.106490,0.075696,0.000078,0.001117,0.000720,-0.008778,-0.081077,-0.016721,0.083247,1.101488,10.174000,2.098283,10.174000,93.973118,19.380991,2.098283,19.380991,3.997131,-0.000000,0.000000,99.071737,-0.008778,-0.081077,-0.016721,0.083247,1.112666,10.277242,2.119576,10.277242,94.926717,19.577661,2.119576,19.577661,4.037692,-0.000000,0.000000,100.077075,0.017058,0.101607,0.059052,0.016028,0.099714,0.055519,0.001030,0.001893,0.003533,-0.024476,-0.307932,-0.001190,0.308906,0.628533,7.907484,0.030549,7.907484,99.482943,0.384327,0.030549,0.384327,0.001485,0.000000,0.000000,100.112961,-0.024476,-0.307932,-0.001190,0.308906,0.689493,8.674418,0.033511,8.674418,109.131634,0.421602,0.033511,0.421602,0.001629,-0.000000,0.000000,109.822756,0.032162,0.096263,0.061831,0.031969,0.096130,0.061585,0.000193,0.000133,0.000246,-0.004195,-0.020963,-0.013075,0.025060,2.442716,12.207328,7.614057,12.207328,61.005405,38.050806,7.614057,38.050806,23.733370,-0.000000,0.000000,87.181491,-0.004195,-0.020963,-0.013075,0.025060,2.452842,12.257937,7.645624,12.257937,61.258320,38.208556,7.645624,38.208556,23.831763,-0.000000,0.000000,87.542926
0.5848,baseline,0.072,20.0000,4.006758,-1.276272,-1.405126,-0.013806,-0.064427,1.139748,-1.851515,0.906583,-2.687534,1.250194,-2.566350,1.423534,-1.655165,0.013084,0.029122,0.022360,0.023981,0.108884,0.023981,0.023981,0.023981,0.023981,0.020091,0.023981,0.037014,0.023981,1.488394,-0.722691,1.161261,0.011963,0.002148,0.000000,-0.002148,-0.003221,0.692967,0.849319,0.849319,0.551202,1.192340,1.192340,0.760118,1.177225,1.177225,0.865509,0.855825,0.855825,-0.011322,0.089119,-0.010552,0.003613,0.061050,-0.009209,-0.014936,0.028069,-0.001343,0.024024,-0.038903,0.051775,0.069074,3.680868,-5.960548,7.932766,-5.960548,9.652109,-12.845785,7.932766,-12.845785,17.096180,-0.000000,0.000000,30.429157,0.024024,-0.038903,0.051775,0.069074,2.802908,-4.538839,6.040644,-4.538839,7.349889,-9.781810,6.040644,-9.781810,13.018401,-0.000000,0.000000,23.171198,-0.017615,0.117817,0.081509,-0.017044,0.115374,0.077174,-0.000572,0.002443,0.004334,-0.016443,-0.272900,-0.265024,0.380766,0.186813,3.100419,3.010940,3.100419,51.455618,49.970605,3.010940,49.970605,48.528449,-0.000000,0.000000,100.170880,-0.016443,-0.272900,-0.265024,0.380766,0.190918,3.168547,3.077102,3.168547,52.586292,51.068647,3.077102,51.068647,49.594802,-0.000000,0.000000,102.372012,0.001767,0.107607,0.076416,0.001689,0.106490,0.075696,0.000078,0.001117,0.000720,-0.008778,-0.081077,-0.016721,0.083247,1.101488,10.174000,2.098283,10.174000,93.973118,19.380991,2.098283,19.380991,3.997131,-0.000000,0.000000,99.071737,-0.008778,-0.081077,-0.016721,0.083247,1.112666,10.277242,2.119576,10.277242,94.926717,19.577661,2.119576,19.577661,4.037692,-0.000000,0.000000,100.077075,0.017106,0.101661,0.059211,0.016028,0.099714,0.055519,0.001078,0.001947,0.003693,-0.025742,-0.320573,-0.002097,0.321612,0.641393,7.987342,0.052240,7.987342,99.467317,0.650550,0.052240,0.650550,0.004255,-0.000000,0.000000,100.112965,-0.025742,-0.320573,-0.002097,0.321612,0.706358,8.796355,0.057531,8.796355,109.542049,0.716442,0.057531,0.716442,0.004686,0.000000,0.000000,110.253092,0.032144,0.096255,0.061786,0.031969,0.096130,0.061585,0.000174,0.000125,0.000201,-0.003590,-0.017967,-0.011183,0.021465,2.438064,12.203345,7.595280,12.203345,61.081915,38.016975,7.595280,38.016975,23.661511,0.000000,0.000000,87.181490,-0.003590,-0.017967,-0.011183,0.021465,2.446202,12.244077,7.620632,12.244077,61.285796,38.143869,7.620632,38.143869,23.740489,-0.000000,0.000000,87.472487
0.6272,baseline,0.072,20.0000,4.006758,-1.274738,-1.405126,-0.013806,-0.065961,1.139748,-1.851515,0.906583,-2.687534,1.244058,-2.566350,1.423534,-1.655165,0.006798,0.031656,0.023610,0.023981,0.066069,0.023981,0.023981,0.023981,0.023981,-0.131399,0.023981,0.027572,0.023981,1.488394,-0.721822,1.161261,0.011963,0.002199,0.000000,-0.002199,-0.003298,0.692967,0.849319,0.849319,0.551202,1.192340,1.192340,0.756388,1.177225,1.177225,0.865509,0.855825,0.855825,-0.011333,0.089141,-0.010507,0.003613,0.061050,-0.009209,-0.014946,0.028091,-0.001299,0.023798,-0.038560,0.051230,0.068394,3.684227,-5.969575,7.931046,-5.969575,9.672537,-12.850720,7.931046,-12.850720,17.073184,-0.000000,0.000000,30.429949,0.023798,-0.038560,0.051230,0.068394,2.804494,-4.544138,6.037242,-4.544138,7.362893,-9.782178,6.037242,-9.782178,12.996387,-0.000000,0.000000,23.163774,-0.017614,0.117817,0.081509,-0.017044,0.115374,0.077174,-0.000570,0.002443,0.004334,-0.016460,-0.272889,-0.265017,0.380754,0.187199,3.103594,3.014061,3.103594,51.454804,49.970430,3.014061,49.970430,48.528877,-0.000000,0.000000,100.170880,-0.016460,-0.272889,-0.265017,0.380754,0.191312,3.171788,3.080288,3.171788,52.585401,51.068411,3.080288,51.068411,49.595183,-0.000000,0.000000,102.371896,0.001767,0.107607,0.076416,0.001689,0.106490,0.075696,0.000078,0.001117,0.000720,-0.008778,-0.081077,-0.016721,0.083247,1.101488,10.174000,2.098283,10.174000,93.973118,19.380991,2.098283,19.380991,3.997131,-0.000000,0.000000,99.071737,-0.008778,-0.081077,-0.016721,0.083247,1.112666,10.277242,2.119576,10.277242,94.926717,19.577661,2.119576,19.577661,4.037692,-0.000000,0.000000,100.077075,0.017165,0.101732,0.059423,0.016028,0.099714,0.055519,0.001137,0.002018,0.003905,-0.027407,-0.337307,-0.003428,0.338436,0.656519,8.080120,0.082105,8.080120,99.446182,1.010509,0.082105,1.010509,0.010268,-0.000000,0.000000,100.112970,-0.027407,-0.337307,-0.003428,0.338436,0.726743,8.944394,0.090887,8.944394,110.083239,1.118596,0.090887,1.118596,0.011366,-0.000000,0.000000,110.821348,0.032142,0.096255,0.061786,0.031969,0.096130,0.061585,0.000173,0.000125,0.000201,-0.003580,-0.017925,-0.011157,0.021415,2.436513,12.199384,7.593239,12.199384,61.081126,38.018609,7.593239,38.018609,23.663851,-0.000000,0.000000,87.181490,-0.003580,-0.017925,-0.011157,0.021415,2.444623,12.239987,7.618512,12.239987,61.284423,38.145147,7.618512,38.145147,23.742611,-0.000000,0.000000,87.471657
0.6703,baseline,0.072,20.0000,4.006758,-1.271670,-1.405126,-0.013806,-0.070563,1.139748,-1.851515,0.906583,-2.687534,1.242524,-2.566350,1.420466,-1.655165,0.018183,0.072852,0.023887,0.023981,-0.034755,0.023981,0.023981,0.023981,0.023981,-0.063684,0.023981,-0.023184,0.023981,1.488394,-0.720085,1.161261,0.011963,0.002352,0.000000,-0.002352,-0.003528,0.692967,0.849319,0.849319,0.551202,1.192340,1.192340,0.755455,1.177225,1.177225,0.863643,0.855825,0.855825,-0.011353,0.089187,-0.010417,0.003613,0.061050,-0.009209,-0.014966,0.028137,-0.001208,0.023345,-0.037872,0.050142,0.067034,3.690953,-5.987634,7.927578,-5.987634,9.713415,-12.860481,7.927578,-12.860481,17.027170,-0.000000,0.000000,30.431539,0.023345,-0.037872,0.050142,0.067034,2.807669,-4.554729,6.030424,-4.554729,7.388891,-9.782831,6.030424,-9.782831,12.952387,-0.000000,0.000000,23.148947,-0.017609,0.117816,0.081509,-0.017044,0.115374,0.077174,-0.000565,0.002442,0.004335,-0.016509,-0.272856,-0.264994,0.380716,0.188359,3.113120,3.023424,3.113120,51.452364,49.969904,3.023424,49.969904,48.530157,-0.000000,-0.000000,100.170880,-0.016509,-0.272856,-0.264994,0.380716,0.192497,3.181513,3.089846,3.181513,52.582728,51.067699,3.089846,51.067699,49.596322,-0.000000,0.000000,102.371547,0.001767,0.107607,0.076416,0.001689,0.106490,0.075696,0.000078,0.001117,0.000720,-0.008778,-0.081077,-0.016721,0.083247,1.101488,10.174000,2.098283,10.174000,93.973118,19.380991,2.098283,19.380991,3.997131,-0.000000,0.000000,99.071737,-0.008778,-0.081077,-0.016721,0.083247,1.112666,10.277242,2.119576,10.277242,94.926717,19.577661,2.119576,19.577661,4.037692,-0.000000,0.000000,100.077075,0.017178,0.101749,0.059476,0.016028,0.099714,0.055519,0.001150,0.002035,0.003958,-0.027807,-0.341447,-0.003785,0.342598,0.659517,8.098344,0.089772,8.098344,99.441234,1.102331,0.089772,1.102331,0.012220,-0.000000,0.000000,100.112971,-0.027807,-0.341447,-0.003785,0.342598,0.730985,8.975913,0.099500,8.975913,110.217096,1.221784,0.099500,1.221784,0.013544,-0.000000,0.000000,110.961624,0.032189,0.096273,0.061875,0.031969,0.096130,0.061585,0.000219,0.000143,0.000290,-0.004863,-0.024217,-0.015132,0.028967,2.456702,12.235017,7.645126,12.235017,60.933567,38.074716,7.645126,38.074716,23.791222,-0.000000,0.000000,87.181491,-0.004863,-0.024217,-0.015132,0.028967,2.469012,12.296325,7.683434,12.296325,61.238897,38.265503,7.683434,38.265503,23.910436,0.000000,0.000000,87.618345
