time_s,k_rot,weight_step,q_5,q_6,qdot_5,qdot_6,tau_5,tau_6
45.1052,0.3,0,0.9188544919434989,-1.3146215352179949,0.02398082392240207,-0.0,0.03198147110994508,-0.03683717392303996
45.1314,0.3,0,0.9188544919434989,-1.3146215352179949,0.02398082392240207,-0.0,0.03198145790277766,-0.03683716781519948
45.1582,0.3,0,0.9188544919434989,-1.3146215352179949,0.02398082392240207,-0.0,0.031981446902997174,-0.03683716991305934
45.1852,0.3,0,0.9188544919434989,-1.3146215352179949,0.02398082392240207,-0.0,0.03198136128352301,-0.036837157365195244
45.2122,0.3,0,0.9188544919434989,-1.3146215352179949,0.02398082392240207,-0.0,0.03198156176955436,-0.036837189812694134
45.2392,0.3,0,0.9188544919434989,-1.3146215352179949,0.02398082392240207,-0.0,0.031981468229254406,-0.03683716855638392
45.2662,0.3,0,0.9188544919434989,-1.3146215352179949,0.02398082392240207,-0.0,0.03198142081403538,-0.03683716979349965
45.2932,0.3,0,0.9188544919434989,-1.3146215352179949,0.02398082392240207,-0.0,0.03198155003630872,-0.03683718926054173
45.3202,0.3,0,0.9188544919434989,-1.3146215352179949,0.02398082392240207,-0.0,0.03198137095400905,-0.036837158767068744
45.3472,0.3,0,0.9188544919434989,-1.3146215352179949,0.02398082392240207,-0.0,0.03198153333820361,-0.03683718546354141
45.3742,0.3,0,0.9188544919434989,-1.3146215352179949,0.02398082392240207,-0.0,0.03198144239415745,-0.03683716469007061
45.4012,0.3,0,0.9188544919434989,-1.3146215352179949,0.02398082392240207,-0.0,0.031981451287796794,-0.03683716781987604
45.4286,0.3,0,0.9188544919434989,-1.3146215352179949,0.02398082392240207,-0.0,0.031981494333143956,-0.03683718237664535
45.4555,0.3,0,0.9188544919434989,-1.3146215352179949,0.02398082392240207,-0.0,0.031981472512888354,-0.0368371746419137
45.4825,0.3,0,0.9188544919434989,-1.3146215352179949,0.02398082392240207,-0.0,0.03198157338201677,-0.036837192998454574
45.5095,0.3,0,0.9188544919434989,-1.3146215352179949,0.02398082392240207,-0.0,0.031981460569491305,-0.036837170041574795
45.5365,0.3,0,0.9188544919434989,-1.3146215352179949,0.02398082392240207,-0.0,0.031981475591960795,-0.03683716960503636
45.5635,0.3,0,0.9188544919434989,-1.3146215352179949,0.02398082392240207,-0.0,0.03198144473213345,-0.036837164791314755
45.5905,0.3,0,0.9188544919434989,-1.3146215352179949,0.02398082392240207,-0.0,0.031981416185689095,-0.036837160664760935
45.6175,0.3,0,0.9188544919434989,-1.3146215352179949,0.02398082392240207,-0.0,0.03198148662751633,-0.036837179630999264
45.6445,0.3,0,0.9188544919434989,-1.3146215352179949,0.02398082392240207,-0.0,0.03198130912442301,-0.03683714503416745
45.6715,0.3,0,0.9188544919434989,-1.3146215352179949,0.02398082392240207,-0.0,0.031981467813475564,-0.03683717648385909
45.6985,0.3,0,0.9188544919434989,-1.3146215352179949,0.02398082392240207,-0.0,0.03198140164061624,-0.03683716292233866
45.7257,0.3,0,0.9188544919434989,-1.3146215352179949,0.02398082392240207,-0.0,0.031981343476642735,-0.03683715265973528
45.7526,0.3,0,0.9188544919434989,-1.3146215352179949,0.02398082392240207,-0.0,0.03198135468785802,-0.03683715382504145
45.7795,0.3,0,0.9188544919434989,-1.3146215352179949,0.02398082392240207,-0.0,0.03198155482884216,-0.03683718778558881
45.8065,0.3,0,0.9188544919434989,-1.3146215352179949,0.02398082392240207,-0.0,0.03198145186763114,-0.03683716488350697
45.8335,0.3,0,0.9188544919434989,-1.3146215352179949,0.02398082392240207,-0.0,0.03198138661665615,-0.036837157918884866
45.8606,0.3,0,0.9188544919434989,-1.3146215352179949,0.02398082392240207,-0.0,0.03198143779696759,-0.03683717162242571
45.8875,0.3,0,0.9188544919434989,-1.3146215352179949,0.02398082392240207,-0.0,0.03198144573744316,-0.036837167622662814
45.9136,0.3,0,0.9188544919434989,-1.3146215352179949,0.02398082392240207,-0.0,0.031981447901605724,-0.036837170164254626
45.9402,0.3,0,0.9188544919434989,-1.3146215352179949,0.02398082392240207,-0.0,0.03198140288031475,-0.03683716270984683
45.9662,0.3,0,0.9188544919434989,-1.3146215352179949,0.02398082392240207,-0.0,0.031981379720597704,-0.036837158140010685
45.9932,0.3,0,0.9188544919434989,-1.3146215352179949,0.02398082392240207,-0.0,0.03198138065471997,-0.036837161857066654
46.0202,0.3,0,0.9188544919434989,-1.3146215352179949,0.02398082392240207,-0.0,0.0319814415262519,-0.036837168265491396
46.0472,0.3,0,0.9188544919434989,-1.3146215352179949,0.02398082392240207,-0.0,0.031981437706928004,-0.03683717182801384
46.0742,0.3,0,0.9188544919434989,-1.3146215352179949,0.02398082392240207,-0.0,0.03198153585822161,-0.03683718503011062
46.1012,0.3,0,0.9188544919434989,-1.3146215352179949,0.02398082392240207,-0.0,0.03198157959692904,-0.03683719462250984
46.1282,0.3,0,0.9188544919434989,-1.3146215352179949,0.02398082392240207,-0.0,0.03198147023142023,-0.036837175231176876
46.1552,0.3,0,0.9188544919434989,-1.3146215352179949,0.02398082392240207,-0.0,0.03198158119323773,-0.03683718873995405
46.1822,0.3,0,0.9188544919434989,-1.3146215352179949,0.02398082392240207,-0.0,0.03198145371407238,-0.036837167441269685
46.2092,0.3,0,0.9188544919434989,-1.3146215352179949,0.02398082392240207,-0.0,0.03198163454255742,-0.03683719953545094
46.2362,0.3,0,0.9188544919434989,-1.3146215352179949,0.02398082392240207,-0.0,0.03198132225248486,-0.03683714589997151
46.2632,0.3,0,0.9188544919434989,-1.3146215352179949,0.02398082392240207,-0.0,0.031981391537155436,-0.03683716122856681
46.2903,0.3,0,0.9188544919434989,-1.3146215352179949,0.019424467377145677,-0.0,0.033295480636480475,-0.036837160869372346
46.3166,0.3,0,0.9188544919434989,-1.3146215352179949,0.007525436649818328,-0.0,0.03615407708858445,-0.03683716863095973
46.3436,0.3,0,0.9188544919434989,-1.3146215352179949,0.017605669738573314,-0.0,0.03381314711135702,-0.036837166030538576
46.3706,0.3,0,0.9188544919434989,-1.3146215352179949,0.021510958571052747,-0.0,0.03269243008153494,-0.03683716488676939
46.3976,0.3,0,0.9188544919434989,-1.3146215352179949,0.02302394748021817,-0.0,0.0322555294843742,-0.03683717718892928
46.4243,0.3,0,0.9188544919434989,-1.3146215352179949,0.023610110383258616,-0.0,0.032087324718985136,-0.03683716818403708
46.4506,0.3,0,0.9188544919434989,-1.3146215352179949,0.02383720190178821,-0.0,0.03202251846587252,-0.036837187220132406
46.4776,0.3,0,0.9188544919434989,-1.3146215352179949,0.023925181808944686,-0.0,0.03199743333256222,-0.03683719221495583
46.5046,0.3,0,0.9188544919434989,-1.3146215352179949,0.023959267027597424,-0.0,0.031987581752231604,-0.036837167095443026
46.5316,0.3,0,0.9188544919434989,-1.3146215352179949,0.023972472339675546,-0.0,0.031983626120522746,-0.03683713696126606
46.5583,0.3,0,0.9188544919434989,-1.3146215352179949,0.023977588348138245,-0.0,0.031982456298214036,-0.03683718405328164
46.5852,0.3,0,0.9188544919434989,-1.3146215352179949,0.023979570394638595,-0.0,0.03198195074877992,-0.0368371871976904
46.6123,0.3,0,0.9188544919434989,-1.3146215352179949,0.02398033828006298,-0.0,0.031981664135045204,-0.03683718418400056
46.6386,0.3,0,0.9188544919434989,-1.3146215352179949,0.023980635774609595,-0.0,0.03198141601975678,-0.036837159462178415
46.6656,0.3,0,0.9188544919434989,-1.3146215352179949,0.02398075103009232,-0.0,0.031981385414743185,-0.03683715526418749
46.6926,0.3,0,0.9188544919434989,-1.3146215352179949,0.02398079568242779,-0.0,0.031981361973003886,-0.03683715534335294
46.7196,0.3,0,0.9188544919434989,-1.3146215352179949,0.023980812981657437,-0.0,0.03198119114887614,-0.036837127065227154
46.7466,0.3,0,0.9188544919434989,-1.3146215352179949,0.023980819683733445,-0.0,0.031981418581802,-0.03683715804540876
46.7736,0.3,0,0.9188544919434989,-1.3146215352179949,0.023980822280255013,-0.0,0.03198145014574229,-0.03683716892968622
46.8006,0.3,0,0.9188544919434989,-1.3146215352179949,0.023980823286200662,-0.0,0.03198146384002013,-0.03683717605258822
46.8276,0.3,0,0.9188544919434989,-1.3146215352179949,0.023980823675924617,-0.0,0.031981392325314995,-0.03683715713458158
46.8546,0.3,0,0.9188544919434989,-1.3146215352179949,0.02398082382691166,-0.0,0.03198139990025234,-0.03683716429178919
46.8816,0.3,0,0.9188544919434989,-1.3146215352179949,0.023980823885407142,-0.0,0.03198134390562068,-0.03683714746154055
46.9089,0.3,0,0.9188544919434989,-1.3146215352179949,0.02398082390806949,-0.0,0.03198153513831664,-0.036837184588214264
46.9354,0.3,0,0.9188544919434989,-1.3146215352179949,0.023980823916849345,-0.0,0.031981482843694904,-0.036837177155028586
46.9622,0.3,0,0.9188544919434989,-1.3146215352179949,0.02398082392001181,-0.0,0.03198147950291826,-0.036837182003743085
46.9891,0.3,0,0.9188544919434989,-1.3146215352179949,0.023980823921476043,-0.0,0.031981498766628855,-0.03683718481500165
47.0129,0.3,0,0.9188544919434989,-1.3146215352179949,0.023980823922043315,-0.0,0.0319814114379422,-0.03683716456299169
47.0366,0.3,0,0.9188544919434989,-1.3146215352179949,0.02398082392224765,-0.0,0.03198128043467372,-0.0368371427527849
47.0604,0.3,0,0.9188544919434989,-1.3146215352179949,0.023980823922335612,-0.0,0.031981618273103626,-0.03683720053427742
47.0841,0.3,0,0.9188544919434989,-1.3146215352179949,0.02398082392237347,-0.0,0.03198147629386872,-0.03683718128107347
47.1078,0.3,0,0.9188544919434989,-1.3146215352179949,0.023980823922389767,-0.0,0.03198142261986061,-0.036837171898965765
47.1315,0.3,0,0.9188544919434989,-1.3146215352179949,0.0239808239223962,-0.0,0.03198141574640216,-0.03683716817562849
47.1552,0.3,0,0.9188544919434989,-1.3146215352179949,0.023980823922399558,-0.0,0.03198154894455823,-0.036837185303375965
47.1788,0.3,0,0.9188544919434989,-1.3146215352179949,0.023980823922401,-0.0,0.03198133776170565,-0.036837153433387296
47.2056,0.3,0,0.9188544919434989,-1.3146215352179949,0.023980823922401664,-0.0,0.03198141969768152,-0.03683716248398623
47.2313,0.3,0,0.9188544919434989,-1.3146215352179949,0.023980823922401924,-0.0,0.03198141595360018,-0.03683715998253488
47.2552,0.3,0,0.9188544919434989,-1.3146215352179949,0.023980823922402018,-0.0,0.03198135355002139,-0.03683714990439591
47.2790,0.3,0,0.9188544919434989,-1.3146215352179949,0.023980823922402056,-0.0,0.031981532990289156,-0.036837185583091896
47.3029,0.3,0,0.9188544919434989,-1.3146215352179949,0.02398082392240207,-0.0,0.031981365815273805,-0.03683715959172521
47.3267,0.3,0,0.9188544919434989,-1.3146215352179949,0.02398082392240207,-0.0,0.03198143788843441,-0.036837170432016085
47.3505,0.3,0,0.9188544919434989,-1.3146215352179949,0.02398082392240207,-0.0,0.031981389839871276,-0.03683716409640879
47.3744,0.3,0,0.9188544919434989,-1.3146215352179949,0.02398082392240207,-0.0,0.03198142590985865,-0.03683716206305414
47.3982,0.3,0,0.9188544919434989,-1.3146215352179949,0.02398082392240207,-0.0,0.031981448544961696,-0.03683717762455922
47.4221,0.3,0,0.9188544919434989,-1.3146215352179949,0.02398082392240207,-0.0,0.031981456136145676,-0.036837170715109904
47.4458,0.3,0,0.9188544919434989,-1.3146215352179949,0.02398082392240207,-0.0,0.03198146134107292,-0.03683717649786089
47.4728,0.3,0,0.9188544919434989,-1.3146215352179949,0.02398082392240207,-0.0,0.03198140644019916,-0.036837159333349356
47.4998,0.3,0,0.9188544919434989,-1.3146215352179949,0.02398082392240207,-0.0,0.03198154345906677,-0.03683718485288853
47.5274,0.3,0,0.9188544919434989,-1.3146215352179949,0.02398082392240207,-0.0,0.03198145860840178,-0.03683716559451827
47.5545,0.3,0,0.9188544919434989,-1.3146215352179949,0.02398082392240207,-0.0,0.03198143465939505,-0.03683717071662169
47.5815,0.3,0,0.9188544919434989,-1.3146215352179949,0.02398082392240207,-0.0,0.03198146091712069,-0.03683717470082105
47.6087,0.3,0,0.9188544919434989,-1.3146215352179949,0.02398082392240207,-0.0,0.03198130795758088,-0.036837143574949424
47.6347,0.3,0,0.9188544919434989,-1.3146215352179949,0.02398082392240207,-0.0,0.03198143152928191,-0.03683716328446036
47.6618,0.3,0,0.9188544919434989,-1.3146215352179949,0.02398082392240207,-0.0,0.03198151176531887,-0.03683718550507918
47.6888,0.3,0,0.9188544919434989,-1.3146215352179949,0.02398082392240207,-0.0,0.03198151273699054,-0.03683717810604479
47.7158,0.3,0,0.9188544919434989,-1.3146215352179949,0.02398082392240207,-0.0,0.03198136605240033,-0.03683715675064067
47.7428,0.3,0,0.9188544919434989,-1.3146215352179949,0.02398082392240207,-0.0,0.03198152227796745,-0.036837184547342895
47.7698,0.3,0,0.9188544919434989,-1.3146215352179949,0.02398082392240207,-0.0,0.03198152045843462,-0.03683718374141691
47.7968,0.3,0,0.9188544919434989,-1.3146215352179949,0.02398082392240207,-0.0,0.03198152910437932,-0.03683718902344564
47.8238,0.3,0,0.9188544919434989,-1.3146215352179949,0.02398082392240207,-0.0,0.03198144300799475,-0.03683717384312381
47.8508,0.3,0,0.9188544919434989,-1.3146215352179949,0.02398082392240207,-0.0,0.03198133417562571,-0.03683715073548331
47.8778,0.3,0,0.9188544919434989,-1.3146215352179949,0.02398082392240207,-0.0,0.0319814741772112,-0.03683717797143129
47.9048,0.3,0,0.9188544919434989,-1.3146215352179949,0.02398082392240207,-0.0,0.0319813637499969,-0.03683714992175634
47.9324,0.3,0,0.9188544919434989,-1.3146215352179949,0.02398082392240207,-0.0,0.03198134895031176,-0.03683715391903713
47.9593,0.3,0,0.9188544919434989,-1.3146215352179949,0.02398082392240207,-0.0,0.031981419859434236,-0.03683716783074242
47.9863,0.3,0,0.9188544919434989,-1.3146215352179949,0.02398082392240207,-0.0,0.03198145117274495,-0.03683717166727867
48.0135,0.3,0,0.9188544919434989,-1.3146215352179949,0.02398082392240207,-0.0,0.03198161230216706,-0.03683719482167083
48.0405,0.3,0,0.9188544919434989,-1.3146215352179949,0.02398082392240207,-0.0,0.031981457613052974,-0.036837169835219216
48.0675,0.3,0,0.9188544919434989,-1.3146215352179949,0.02398082392240207,-0.0,0.03198149034288149,-0.036837175199710526
48.0945,0.3,0,0.9188544919434989,-1.3146215352179949,0.02398082392240207,-0.0,0.03198148080385209,-0.03683717794442163
48.1214,0.3,0,0.9188544919434989,-1.3146215352179949,0.02398082392240207,-0.0,0.03198153413787523,-0.03683718932503921
48.1483,0.3,0,0.9188544919434989,-1.3146215352179949,0.02398082392240207,-0.0,0.0319814240936217,-0.0368371720987547
48.1753,0.3,0,0.9188544919434989,-1.3146215352179949,0.02398082392240207,-0.0,0.031981469579243194,-0.036837171554033196
48.2023,0.3,0,0.9188544919434989,-1.3146215352179949,0.02398082392240207,-0.0,0.0319814343386926,-0.03683716029530897
48.2293,0.3,0,0.9188544919434989,-1.3146215352179949,0.02398082392240207,-0.0,0.031981417680878296,-0.03683716642658691
48.2563,0.3,0,0.9188544919434989,-1.3146215352179949,0.02398082392240207,-0.0,0.03198146365974731,-0.03683717259697812
48.2833,0.3,0,0.9188544919434989,-1.3146215352179949,0.02398082392240207,-0.0,0.03198141535013193,-0.03683716548997421
48.3103,0.3,0,0.9188544919434989,-1.3146215352179949,0.02398082392240207,-0.0,0.0319814561458716,-0.03683717077937309
48.3373,0.3,0,0.9188544919434989,-1.3146215352179949,0.02398082392240207,-0.0,0.031981332197910356,-0.036837151266236476
48.3643,0.3,0,0.9188544919434989,-1.3146215352179949,0.02398082392240207,-0.0,0.03198123931706917,-0.03683713608914156
48.3913,0.3,0,0.9188544919434989,-1.3146215352179949,0.02398082392240207,-0.0,0.03198143367017461,-0.03683717015467421
48.4183,0.3,0,0.9188544919434989,-1.3146215352179949,0.02398082392240207,-0.0,0.031981381010195487,-0.03683715424653472
48.4453,0.3,0,0.9188544919434989,-1.3146215352179949,0.02398082392240207,-0.0,0.03198125286767885,-0.03683713805015211
48.4723,0.3,0,0.9188544919434989,-1.3146215352179949,0.02398082392240207,-0.0,0.0319813793466858,-0.03683716430925864
48.4993,0.3,0,0.9188544919434989,-1.3146215352179949,0.02398082392240207,-0.0,0.03198139391272019,-0.03683715990006029
48.5263,0.3,0,0.9188544919434989,-1.3146215352179949,0.02398082392240207,-0.0,0.031981292921929395,-0.036837137293902464
48.5533,0.3,0,0.9188544919434989,-1.3146215352179949,0.02398082392240207,-0.0,0.03198161086803479,-0.03683720050182509
48.5803,0.3,0,0.9188544919434989,-1.3146215352179949,0.02398082392240207,-0.0,0.031981473187469675,-0.036837173664271965
48.6073,0.3,0,0.9188544919434989,-1.3146215352179949,0.02398082392240207,-0.0,0.03198135052892519,-0.03683715246443296
48.6343,0.3,0,0.9188544919434989,-1.3146215352179949,0.02398082392240207,-0.0,0.03198140446507529,-0.03683716079713092
48.6613,0.3,0,0.9188544919434989,-1.3146215352179949,0.02398082392240207,-0.0,0.031981504295920456,-0.03683718087126035
48.6883,0.3,0,0.9188544919434989,-1.3146215352179949,0.02398082392240207,-0.0,0.0319814017383386,-0.03683716354610023
48.7154,0.3,0,0.9188544919434989,-1.3146215352179949,0.02398082392240207,-0.0,0.03198153866672926,-0.03683718648734122
48.7423,0.3,0,0.9188544919434989,-1.3146215352179949,0.02398082392240207,-0.0,0.03198131901192247,-0.036837148623978556
48.7693,0.3,0,0.9188544919434989,-1.3146215352179949,0.02398082392240207,-0.0,0.03198136343693671,-0.03683715608318085
48.7963,0.3,0,0.9188544919434989,-1.3146215352179949,0.02398082392240207,-0.0,0.03198137951535634,-0.036837159818851814
48.8233,0.3,0,0.9188544919434989,-1.3146215352179949,0.02398082392240207,-0.0,0.031981418964587484,-0.03683716304733543
48.8503,0.3,0,0.9188544919434989,-1.3146215352179949,0.02398082392240207,-0.0,0.031981493402937454,-0.03683717605496302
48.8773,0.3,0,0.9188544919434989,-1.3146215352179949,0.02398082392240207,-0.0,0.03198132316836082,-0.03683714472057328
48.9043,0.3,0,0.9188544919434989,-1.3146215352179949,0.02398082392240207,-0.0,0.031981412487815324,-0.03683716517507295
48.9314,0.3,0,0.9188544919434989,-1.3146215352179949,0.02398082392240207,-0.0,0.031981407906113715,-0.03683716823607322
48.9586,0.3,0,0.9188544919434989,-1.3146215352179949,0.02398082392240207,-0.0,0.03198144346904433,-0.036837164172401335
48.9856,0.3,0,0.9188544919434989,-1.3146215352179949,0.02398082392240207,-0.0,0.031981477299713325,-0.036837178708958765
49.0126,0.3,0,0.9188544919434989,-1.3146215352179949,0.02398082392240207,-0.0,0.031981500938162766,-0.03683717682562325
49.0396,0.3,0,0.9188544919434989,-1.3146215352179949,0.02398082392240207,-0.0,0.031981485486780856,-0.036837170517878076
49.0666,0.3,0,0.9188544919434989,-1.3146215352179949,0.02398082392240207,-0.0,0.031981446244126605,-0.036837171105021924
49.0937,0.3,0,0.9188544919434989,-1.3146215352179949,0.02398082392240207,-0.0,0.03198143629445412,-0.03683717160447391
49.1207,0.3,0,0.9188544919434989,-1.3146215352179949,0.02398082392240207,-0.0,0.031981443764600014,-0.036837169562069644
49.1477,0.3,0,0.9188544919434989,-1.3146215352179949,0.02398082392240207,-0.0,0.031981357667657,-0.036837152252932895
49.1747,0.3,0,0.9188544919434989,-1.3146215352179949,0.02398082392240207,-0.0,0.031981501004229196,-0.03683717790797642
49.2017,0.3,0,0.9188544919434989,-1.3146215352179949,0.02398082392240207,-0.0,0.03198151472010101,-0.036837182329740044
49.2287,0.3,0,0.9188544919434989,-1.3146215352179949,0.02398082392240207,-0.0,0.031981502590550534,-0.0368371796376176
49.2554,0.3,0,0.9188544919434989,-1.3146215352179949,0.02398082392240207,-0.0,0.03198140709343769,-0.03683716124304985
49.2823,0.3,0,0.9188544919434989,-1.3146215352179949,0.02398082392240207,-0.0,0.03198150138768807,-0.03683717258017735
49.3093,0.3,0,0.9188544919434989,-1.3146215352179949,0.02398082392240207,-0.0,0.031981363308253165,-0.03683715858822973
49.3348,0.3,0,0.9188544919434989,-1.3146215352179949,0.02398082392240207,-0.0,0.031981575295481623,-0.036837186620442254
49.3617,0.3,0,0.9188544919434989,-1.3146215352179949,0.02398082392240207,-0.0,0.03198141505438705,-0.036837164853119525
49.3887,0.3,0,0.9188544919434989,-1.3146215352179949,0.02398082392240207,-0.0,0.03198141789770647,-0.036837164718230196
49.4157,0.3,0,0.9188544919434989,-1.3146215352179949,0.02398082392240207,-0.0,0.031981452304607236,-0.03683716995727144
49.4427,0.3,0,0.9188544919434989,-1.3146215352179949,0.02398082392240207,-0.0,0.03198140019806607,-0.03683716133040996
49.4697,0.3,0,0.9188544919434989,-1.3146215352179949,0.02398082392240207,-0.0,0.03198153869100458,-0.036837184488491256
49.4967,0.3,0,0.9188544919434989,-1.3146215352179949,0.02398082392240207,-0.0,0.03198142931433043,-0.03683716351347718
49.5237,0.3,0,0.9188544919434989,-1.3146215352179949,0.02398082392240207,-0.0,0.03198124066861345,-0.036837137134189894
49.5507,0.3,0,0.9188544919434989,-1.3146215352179949,0.02398082392240207,-0.0,0.031981399875278996,-0.03683716106599301
49.5777,0.3,0,0.9188544919434989,-1.3146215352179949,0.02398082392240207,-0.0,0.031981368701268484,-0.0368371610572379
49.6047,0.3,0,0.9188544919434989,-1.3146215352179949,0.02398082392240207,-0.0,0.03198140812523187,-0.036837169406180814
49.6317,0.3,0,0.9188544919434989,-1.3146215352179949,0.02398082392240207,-0.0,0.031981438676844616,-0.03683716636252647
49.6584,0.3,0,0.9188544919434989,-1.3146215352179949,0.02398082392240207,-0.0,0.031981579035504616,-0.036837199526834924
49.6853,0.3,0,0.9188544919434989,-1.3146215352179949,0.02398082392240207,-0.0,0.03198151423851315,-0.03683718253993793
49.7123,0.3,0,0.9188544919434989,-1.3146215352179949,0.02398082392240207,-0.0,0.03198135146912127,-0.03683715449821544
49.7393,0.3,0,0.9188544919434989,-1.3146215352179949,0.02398082392240207,-0.0,0.03198144578396953,-0.03683717102556829
49.7663,0.3,0,0.9188544919434989,-1.3146215352179949,0.02398082392240207,-0.0,0.03198141292280187,-0.03683715921079268
49.7934,0.3,0,0.9188544919434989,-1.3146215352179949,0.02398082392240207,-0.0,0.031981486832464864,-0.03683717431272242
49.8204,0.3,0,0.9188544919434989,-1.3146215352179949,0.02398082392240207,-0.0,0.03198145270406735,-0.0368371716748638
49.8474,0.3,0,0.9188544919434989,-1.3146215352179949,0.02398082392240207,-0.0,0.031981364985760666,-0.036837156344927915
49.8744,0.3,0,0.9188544919434989,-1.3146215352179949,0.02398082392240207,-0.0,0.03198142947201706,-0.03683716455111497
49.9014,0.3,0,0.9188544919434989,-1.3146215352179949,0.02398082392240207,-0.0,0.03198127104841087,-0.03683714529814354
49.9277,0.3,0,0.9188544919434989,-1.3146215352179949,0.02398082392240207,-0.0,0.03198144593675471,-0.036837164726695355
49.9549,0.3,0,0.9188544919434989,-1.3146215352179949,0.02398082392240207,-0.0,0.031981411996102646,-0.03683717222735184
49.9817,0.3,0,0.9188544919434989,-1.3146215352179949,0.02398082392240207,-0.0,0.031981419929611496,-0.036837166172063555
50.0087,0.3,0,0.9188544919434989,-1.3146215352179949,0.02398082392240207,-0.0,0.031981382927306234,-0.036837158514731475
50.0357,0.3,0,0.9188544919434989,-1.3146215352179949,0.02398082392240207,-0.0,0.03198143464099198,-0.036837173036274096
50.0627,0.3,0,0.9188544919434989,-1.3146215352179949,0.02398082392240207,-0.0,0.03198140721687538,-0.03683716527671178
50.0897,0.3,0,0.9188544919434989,-1.3146215352179949,0.02398082392240207,-0.0,0.031981411923689265,-0.036837167506625156
57.5410,0.3,1,0.9188544919434989,-1.3146215352179949,0.02398082392240207,-0.0,0.03198145003080513,-0.03683716784152767
57.5680,0.3,1,0.9188544919434989,-1.3146215352179949,0.02398082392240207,-0.0,0.03198143334250246,-0.036837168239597644
57.5949,0.3,1,0.9188544919434989,-1.3146215352179949,0.02398082392240207,-0.0,0.0319813204726942,-0.036837146287243994
57.6220,0.3,1,0.9188544919434989,-1.3146215352179949,0.02398082392240207,-0.0,0.031981423527850036,-0.03683715899549872
57.6487,0.3,1,0.9188544919434989,-1.3146215352179949,0.02398082392240207,-0.0,0.031981491357724,-0.03683717901680901
57.6756,0.3,1,0.9188544919434989,-1.3146215352179949,0.02398082392240207,-0.0,0.03198147042747682,-0.03683716989193971
57.7027,0.3,1,0.9188544919434989,-1.3146215352179949,0.02398082392240207,-0.0,0.0319814508605341,-0.0368371723480696
57.7296,0.3,1,0.9188544919434989,-1.3146215352179949,0.02398082392240207,-0.0,0.03198156953903355,-0.036837193567939436
57.7566,0.3,1,0.9188544919434989,-1.3146215352179949,0.02398082392240207,-0.0,0.031981407282527165,-0.03683716508060247
57.7831,0.3,1,0.9188544919434989,-1.3146215352179949,0.02398082392240207,-0.0,0.03198138859625907,-0.03683716073087964
57.8100,0.3,1,0.9188544919434989,-1.3146215352179949,0.02398082392240207,-0.0,0.03198143871389879,-0.03683716560869703
57.8368,0.3,1,0.9188544919434989,-1.3146215352179949,0.02398082392240207,-0.0,0.03198146075813592,-0.03683717409413884
57.8636,0.3,1,0.9188544919434989,-1.3146215352179949,0.02398082392240207,-0.0,0.031981406981664615,-0.03683715412010156
57.8906,0.3,1,0.9188544919434989,-1.3146215352179949,0.02398082392240207,-0.0,0.03198144498497985,-0.03683717348830521
57.9176,0.3,1,0.9188544919434989,-1.3146215352179949,0.02398082392240207,-0.0,0.031981416728257904,-0.03683716285910676
57.9446,0.3,1,0.9188544919434989,-1.3146215352179949,0.02398082392240207,-0.0,0.0319814559064452,-0.036837171426847996
57.9716,0.3,1,0.9188544919434989,-1.3146215352179949,0.02398082392240207,-0.0,0.03198137318795132,-0.036837159021976346
57.9986,0.3,1,0.9188544919434989,-1.3146215352179949,0.02398082392240207,-0.0,0.031981541661621815,-0.03683718645850066
58.0267,0.3,1,0.9188544919434989,-1.3146215352179949,0.02398082392240207,-0.0,0.03198146074167857,-0.03683717451929654
58.0536,0.3,1,0.9188544919434989,-1.3146215352179949,0.02398082392240207,-0.0,0.031981341297077935,-0.03683715462241176
58.0806,0.3,1,0.9188544919434989,-1.3146215352179949,0.02398082392240207,-0.0,0.03198138450762754,-0.03683715911844109
58.1076,0.3,1,0.9188544919434989,-1.3146215352179949,0.02398082392240207,-0.0,0.031981314074433824,-0.036837150652083955
58.1347,0.3,1,0.9188544919434989,-1.3146215352179949,0.02398082392240207,-0.0,0.03198133031237521,-0.03683715175836508
58.1616,0.3,1,0.9188544919434989,-1.3146215352179949,0.02398082392240207,-0.0,0.031981493916284,-0.036837175377644596
58.1886,0.3,1,0.9188544919434989,-1.3146215352179949,0.02398082392240207,-0.0,0.031981407118857365,-0.036837163525896416
58.2156,0.3,1,0.9188544919434989,-1.3146215352179949,0.02398082392240207,-0.0,0.03198153955095408,-0.03683718737338281
58.2426,0.3,1,0.9188544919434989,-1.3146215352179949,0.02398082392240207,-0.0,0.0319815862724594,-0.03683719278150653
58.2697,0.3,1,0.9188544919434989,-1.3146215352179949,0.02398082392240207,-0.0,0.03198139314711651,-0.036837166635406524
58.2966,0.3,1,0.9188544919434989,-1.3146215352179949,0.02398082392240207,-0.0,0.031981336033201545,-0.036837150983495395
58.3236,0.3,1,0.9188544919434989,-1.3146215352179949,0.02398082392240207,-0.0,0.03198153840330891,-0.036837179936667665
58.3506,0.3,1,0.9188544919434989,-1.3146215352179949,0.02398082392240207,-0.0,0.0319814762683886,-0.03683717267335777
58.3776,0.3,1,0.9188544919434989,-1.3146215352179949,0.02398082392240207,-0.0,0.03198138227344924,-0.03683715935149081
58.4047,0.3,1,0.9188544919434989,-1.3146215352179949,0.02398082392240207,-0.0,0.0319814597207136,-0.03683716547822112
58.4316,0.3,1,0.9188544919434989,-1.3146215352179949,0.02398082392240207,-0.0,0.03198145558625762,-0.036837171661822196
58.4580,0.3,1,0.9188544919434989,-1.3146215352179949,0.02398082392240207,-0.0,0.031981563961802816,-0.0368371882952469
58.4850,0.3,1,0.9188544919434989,-1.3146215352179949,0.02398082392240207,-0.0,0.03198144914563904,-0.036837172196544254
58.5124,0.3,1,0.9188544919434989,-1.3146215352179949,0.02398082392240207,-0.0,0.03198133786325915,-0.036837154056385116
58.5397,0.3,1,0.9188544919434989,-1.3146215352179949,0.02398082392240207,-0.0,0.03198150891137986,-0.036837172521738445
58.5667,0.3,1,0.9188544919434989,-1.3146215352179949,0.02398082392240207,-0.0,0.03198143565805291,-0.03683717108593216
58.5937,0.3,1,0.9188544919434989,-1.3146215352179949,0.02398082392240207,-0.0,0.03198157195590317,-0.036837188509101004
58.6207,0.3,1,0.9188544919434989,-1.3146215352179949,0.02398082392240207,-0.0,0.03198147181560014,-0.03683717412682911
58.6477,0.3,1,0.9188544919434989,-1.3146215352179949,0.02398082392240207,-0.0,0.03198139965965427,-0.03683716859969545
58.6747,0.3,1,0.9188544919434989,-1.3146215352179949,0.02398082392240207,-0.0,0.031981521120864005,-0.03683718347044125
58.7017,0.3,1,0.9188544919434989,-1.3146215352179949,0.02398082392240207,-0.0,0.0319814953325598,-0.03683717547176106
58.7285,0.3,1,0.9188544919434989,-1.3146215352179949,0.02398082392240207,-0.0,0.03198158432967223,-0.03683719645537074
58.7559,0.3,1,0.9188544919434989,-1.3146215352179949,0.02398082392240207,-0.0,0.031981464012838995,-0.036837174850119024
58.7830,0.3,1,0.9188544919434989,-1.3146215352179949,0.02398082392240207,-0.0,0.03198151736937064,-0.03683718550435415
58.8100,0.3,1,0.9188544919434989,-1.3146215352179949,0.02398082392240207,-0.0,0.03198153033202073,-0.03683718174674189
58.8370,0.3,1,0.9188544919434989,-1.3146215352179949,0.02398082392240207,-0.0,0.031981411780031596,-0.03683716227756706
58.8640,0.3,1,0.9188544919434989,-1.3146215352179949,0.02398082392240207,-0.0,0.03198146298118058,-0.036837173648576436
58.8910,0.3,1,0.9188544919434989,-1.3146215352179949,0.02398082392240207,-0.0,0.031981535455035404,-0.036837180307388515
58.9180,0.3,1,0.9188544919434989,-1.3146215352179949,0.02398082392240207,-0.0,0.03198150459839386,-0.03683718192833003
58.9450,0.3,1,0.9188544919434989,-1.3146215352179949,0.02398082392240207,-0.0,0.031981321148633654,-0.036837152119373655
58.9720,0.3,1,0.9188544919434989,-1.3146215352179949,0.02398082392240207,-0.0,0.03198149249530928,-0.036837182273327065
58.9990,0.3,1,0.9188544919434989,-1.3146215352179949,0.02398082392240207,-0.0,0.03198145270406735,-0.0368371716748638
59.0265,0.3,1,0.9188544919434989,-1.3146215352179949,0.02398082392240207,-0.0,0.031981420853547805,-0.03683716263256822
59.0537,0.3,1,0.9188544919434989,-1.3146215352179949,0.02398082392240207,-0.0,0.031981571297556986,-0.03683718431281544
59.0807,0.3,1,0.9188544919434989,-1.3146215352179949,0.02398082392240207,-0.0,0.031981349107882244,-0.03683715540196734
59.1070,0.3,1,0.9188544919434989,-1.3146215352179949,0.02398082392240207,-0.0,0.03198148182261358,-0.0368371740417519
59.1340,0.3,1,0.9188544919434989,-1.3146215352179949,0.010322958367377679,-0.0,0.035636901918423475,-0.03683716019040356
59.1610,0.3,1,0.9188544919434989,-1.3146215352179949,0.015235756454872903,-0.0,0.034461999478845665,-0.03683716570431693
59.1880,0.3,1,0.9188544919434989,-1.3146215352179949,0.020592805607793942,-0.0,0.032958261508923184,-0.036837160547711065
59.2150,0.3,1,0.9188544919434989,-1.3146215352179949,0.022668236210215645,-0.0,0.03235776103041094,-0.03683714694233957
59.2420,0.3,1,0.9188544919434989,-1.3146215352179949,0.023472300549091427,-0.0,0.03212668929380599,-0.03683715697033499
59.2690,0.3,1,0.9188544919434989,-1.3146215352179949,0.023783811548446145,-0.0,0.032037643130424016,-0.036837171616533736
59.2960,0.3,1,0.9188544919434989,-1.3146215352179949,0.023904497292145024,-0.0,0.03200326343273363,-0.03683717982022071
59.3231,0.3,1,0.9188544919434989,-1.3146215352179949,0.023951253421984172,-0.0,0.03198985792066965,-0.036837170746525726
59.3481,0.3,1,0.9188544919434989,-1.3146215352179949,0.023968094791588884,-0.0,0.031985054170756914,-0.03683716706989592
59.3723,0.3,1,0.9188544919434989,-1.3146215352179949,0.02397589239631789,-0.0,0.03198298108363597,-0.03683718791258516
59.3966,0.3,1,0.9188544919434989,-1.3146215352179949,0.023978701062127582,-0.0,0.031982089422283685,-0.03683717682128056
59.4208,0.3,1,0.9188544919434989,-1.3146215352179949,0.023979910100662503,-0.0,0.03198167859382997,-0.03683716753991987
59.4451,0.3,1,0.9188544919434989,-1.3146215352179949,0.02398043055210741,-0.0,0.03198154581372086,-0.036837167557629315
59.4711,0.3,1,0.9188544919434989,-1.3146215352179949,0.023980654589388844,-0.0,0.03198146813379346,-0.0368371632079203
59.4980,0.3,1,0.9188544919434989,-1.3146215352179949,0.023980758319323295,-0.0,0.03198136111373502,-0.0368371512791557
59.5250,0.3,1,0.9188544919434989,-1.3146215352179949,0.02398079850642522,-0.0,0.03198140735271741,-0.0368371614806511
59.5520,0.3,1,0.9188544919434989,-1.3146215352179949,0.023980814075731903,-0.0,0.03198147470374501,-0.03683717223260626
59.5790,0.3,1,0.9188544919434989,-1.3146215352179949,0.02398082010760031,-0.0,0.0319815222812198,-0.03683718698387732
59.6060,0.3,1,0.9188544919434989,-1.3146215352179949,0.02398082244446972,-0.0,0.031981494558794496,-0.036837177610637734
59.6330,0.3,1,0.9188544919434989,-1.3146215352179949,0.023980823349820806,-0.0,0.031981470242089007,-0.03683717097625273
59.6590,0.3,1,0.9188544919434989,-1.3146215352179949,0.023980823700572362,-0.0,0.031981528660761385,-0.03683717859531817
59.6857,0.3,1,0.9188544919434989,-1.3146215352179949,0.023980823836460705,-0.0,0.031981486329397096,-0.03683717588806103
59.7127,0.3,1,0.9188544919434989,-1.3146215352179949,0.023980823889106634,-0.0,0.03198128712443923,-0.036837139730955135
59.7397,0.3,1,0.9188544919434989,-1.3146215352179949,0.023980823909502746,-0.0,0.031981491641209114,-0.036837175256915065
59.7667,0.3,1,0.9188544919434989,-1.3146215352179949,0.02398082391740462,-0.0,0.03198132932188961,-0.03683714395630633
59.7937,0.3,1,0.9188544919434989,-1.3146215352179949,0.023980823920465962,-0.0,0.031981360933797554,-0.036837162471849524
59.8207,0.3,1,0.9188544919434989,-1.3146215352179949,0.02398082392165199,-0.0,0.031981438280002834,-0.03683717674963651
59.8477,0.3,1,0.9188544919434989,-1.3146215352179949,0.023980823922111486,-0.0,0.03198148845819496,-0.03683717879155202
59.8747,0.3,1,0.9188544919434989,-1.3146215352179949,0.023980823922289507,-0.0,0.031981558074077286,-0.03683718440094942
59.9017,0.3,1,0.9188544919434989,-1.3146215352179949,0.023980823922358473,-0.0,0.03198156635800554,-0.03683718563179815
59.9287,0.3,1,0.9188544919434989,-1.3146215352179949,0.02398082392238519,-0.0,0.03198153087685578,-0.0368371850413245
59.9557,0.3,1,0.9188544919434989,-1.3146215352179949,0.023980823922395544,-0.0,0.031981389836310575,-0.03683716094006313
59.9827,0.3,1,0.9188544919434989,-1.3146215352179949,0.023980823922399558,-0.0,0.031981494914948616,-0.036837181282617176
60.0097,0.3,1,0.9188544919434989,-1.3146215352179949,0.02398082392240111,-0.0,0.03198145731870226,-0.03683717072150202
60.0367,0.3,1,0.9188544919434989,-1.3146215352179949,0.023980823922401705,-0.0,0.031981333337023035,-0.03683715155919978
60.0637,0.3,1,0.9188544919434989,-1.3146215352179949,0.023980823922401938,-0.0,0.03198154976350137,-0.03683718773898691
60.0907,0.3,1,0.9188544919434989,-1.3146215352179949,0.02398082392240203,-0.0,0.03198141839866561,-0.03683716658610517
60.1177,0.3,1,0.9188544919434989,-1.3146215352179949,0.023980823922402066,-0.0,0.031981350535006406,-0.03683715462735321
60.1447,0.3,1,0.9188544919434989,-1.3146215352179949,0.02398082392240207,-0.0,0.03198140889474532,-0.036837164125256366
60.1717,0.3,1,0.9188544919434989,-1.3146215352179949,0.02398082392240207,-0.0,0.03198144750097775,-0.03683717117671686
60.1987,0.3,1,0.9188544919434989,-1.3146215352179949,0.02398082392240207,-0.0,0.03198150549914218,-0.0368371792217227
60.2257,0.3,1,0.9188544919434989,-1.3146215352179949,0.02398082392240207,-0.0,0.03198146844348612,-0.036837171545609525
60.2527,0.3,1,0.9188544919434989,-1.3146215352179949,0.02398082392240207,-0.0,0.03198146073575621,-0.036837169483380956
60.2797,0.3,1,0.9188544919434989,-1.3146215352179949,0.02398082392240207,-0.0,0.03198152145170588,-0.03683717838701109
60.3069,0.3,1,0.9188544919434989,-1.3146215352179949,0.02398082392240207,-0.0,0.03198141871970521,-0.03683716362567075
60.3339,0.3,1,0.9188544919434989,-1.3146215352179949,0.02398082392240207,-0.0,0.03198152052612123,-0.0368371877327516
60.3610,0.3,1,0.9188544919434989,-1.3146215352179949,0.02398082392240207,-0.0,0.031981453738347945,-0.036837170832974615
60.3882,0.3,1,0.9188544919434989,-1.3146215352179949,0.02398082392240207,-0.0,0.031981534142054846,-0.03683718516655192
60.4151,0.3,1,0.9188544919434989,-1.3146215352179949,0.02398082392240207,-0.0,0.03198148528829325,-0.036837179641881115
60.4422,0.3,1,0.9188544919434989,-1.3146215352179949,0.02398082392240207,-0.0,0.03198147878238918,-0.036837179570177785
60.4691,0.3,1,0.9188544919434989,-1.3146215352179949,0.02398082392240207,-0.0,0.03198141184299039,-0.03683716616137371
60.4962,0.3,1,0.9188544919434989,-1.3146215352179949,0.02398082392240207,-0.0,0.03198127257785338,-0.03683714194781954
60.5232,0.3,1,0.9188544919434989,-1.3146215352179949,0.02398082392240207,-0.0,0.03198141285340851,-0.03683716479403949
60.5501,0.3,1,0.9188544919434989,-1.3146215352179949,0.02398082392240207,-0.0,0.031981588763862985,-0.03683719602411894
60.5767,0.3,1,0.9188544919434989,-1.3146215352179949,0.02398082392240207,-0.0,0.03198154177349219,-0.03683717936048446
60.6038,0.3,1,0.9188544919434989,-1.3146215352179949,0.02398082392240207,-0.0,0.03198150033872915,-0.036837180914071156
60.6307,0.3,1,0.9188544919434989,-1.3146215352179949,0.02398082392240207,-0.0,0.031981510642896914,-0.036837181402004315
60.6577,0.3,1,0.9188544919434989,-1.3146215352179949,0.02398082392240207,-0.0,0.03198136960020466,-0.03683715884701179
60.6847,0.3,1,0.9188544919434989,-1.3146215352179949,0.02398082392240207,-0.0,0.03198127354128721,-0.036837144967369104
60.7117,0.3,1,0.9188544919434989,-1.3146215352179949,0.02398082392240207,-0.0,0.031981566825484406,-0.03683718865265546
60.7387,0.3,1,0.9188544919434989,-1.3146215352179949,0.02398082392240207,-0.0,0.03198136418360639,-0.03683716073358693
60.7657,0.3,1,0.9188544919434989,-1.3146215352179949,0.02398082392240207,-0.0,0.03198143542929463,-0.03683716809999439
60.7927,0.3,1,0.9188544919434989,-1.3146215352179949,0.02398082392240207,-0.0,0.03198143110235741,-0.036837168052093375
60.8197,0.3,1,0.9188544919434989,-1.3146215352179949,0.02398082392240207,-0.0,0.03198152002761128,-0.03683718549904002
60.8467,0.3,1,0.9188544919434989,-1.3146215352179949,0.02398082392240207,-0.0,0.03198147770883711,-0.03683717399534345
60.8737,0.3,1,0.9188544919434989,-1.3146215352179949,0.02398082392240207,-0.0,0.031981484148479566,-0.036837175476276324
60.9007,0.3,1,0.9188544919434989,-1.3146215352179949,0.02398082392240207,-0.0,0.03198151105010953,-0.03683718355822185
60.9277,0.3,1,0.9188544919434989,-1.3146215352179949,0.02398082392240207,-0.0,0.031981492643421976,-0.03683718545573726
60.9547,0.3,1,0.9188544919434989,-1.3146215352179949,0.02398082392240207,-0.0,0.03198149481073018,-0.036837173827135604
60.9817,0.3,1,0.9188544919434989,-1.3146215352179949,0.02398082392240207,-0.0,0.031981422445667665,-0.03683716625902307
61.0088,0.3,1,0.9188544919434989,-1.3146215352179949,0.02398082392240207,-0.0,0.03198146634185482,-0.03683717048880772
61.0353,0.3,1,0.9188544919434989,-1.3146215352179949,0.02398082392240207,-0.0,0.031981628676075936,-0.03683720011527982
61.0622,0.3,1,0.9188544919434989,-1.3146215352179949,0.02398082392240207,-0.0,0.03198148019714955,-0.036837177837057596
61.0891,0.3,1,0.9188544919434989,-1.3146215352179949,0.02398082392240207,-0.0,0.031981447659080856,-0.03683716458900849
61.1161,0.3,1,0.9188544919434989,-1.3146215352179949,0.02398082392240207,-0.0,0.03198142412621175,-0.03683716651270203
61.1428,0.3,1,0.9188544919434989,-1.3146215352179949,0.02398082392240207,-0.0,0.03198141336435253,-0.03683716427722507
61.1697,0.3,1,0.9188544919434989,-1.3146215352179949,0.02398082392240207,-0.0,0.03198145441661678,-0.036837174303323374
61.1967,0.3,1,0.9188544919434989,-1.3146215352179949,0.02398082392240207,-0.0,0.031981473781314315,-0.03683717167446768
61.2237,0.3,1,0.9188544919434989,-1.3146215352179949,0.02398082392240207,-0.0,0.03198151156998928,-0.03683718010229686
61.2507,0.3,1,0.9188544919434989,-1.3146215352179949,0.02398082392240207,-0.0,0.03198129240195547,-0.036837138448967265
61.2777,0.3,1,0.9188544919434989,-1.3146215352179949,0.02398082392240207,-0.0,0.031981445176749355,-0.03683716558398879
61.3048,0.3,1,0.9188544919434989,-1.3146215352179949,0.02398082392240207,-0.0,0.031981410755797246,-0.0368371650570191
61.3317,0.3,1,0.9188544919434989,-1.3146215352179949,0.02398082392240207,-0.0,0.03198140670584773,-0.03683716033542151
61.3587,0.3,1,0.9188544919434989,-1.3146215352179949,0.02398082392240207,-0.0,0.031981589257152714,-0.0368371882168474
61.3857,0.3,1,0.9188544919434989,-1.3146215352179949,0.02398082392240207,-0.0,0.03198136476842456,-0.03683715603899735
61.4127,0.3,1,0.9188544919434989,-1.3146215352179949,0.02398082392240207,-0.0,0.03198137911429225,-0.0368371550954313
61.4397,0.3,1,0.9188544919434989,-1.3146215352179949,0.02398082392240207,-0.0,0.03198147856478957,-0.036837177850183485
61.4668,0.3,1,0.9188544919434989,-1.3146215352179949,0.02398082392240207,-0.0,0.031981467696850716,-0.03683717257251578
61.4937,0.3,1,0.9188544919434989,-1.3146215352179949,0.02398082392240207,-0.0,0.031981334897412034,-0.03683715526966824
61.5207,0.3,1,0.9188544919434989,-1.3146215352179949,0.02398082392240207,-0.0,0.03198146317304365,-0.036837176114791176
61.5487,0.3,1,0.9188544919434989,-1.3146215352179949,0.02398082392240207,-0.0,0.03198145143588513,-0.036837172951632836
61.5758,0.3,1,0.9188544919434989,-1.3146215352179949,0.02398082392240207,-0.0,0.03198136607443917,-0.03683715464823504
61.6028,0.3,1,0.9188544919434989,-1.3146215352179949,0.02398082392240207,-0.0,0.031981322725549294,-0.036837149674670805
61.6298,0.3,1,0.9188544919434989,-1.3146215352179949,0.02398082392240207,-0.0,0.03198149622503667,-0.03683718238355888
61.6564,0.3,1,0.9188544919434989,-1.3146215352179949,0.02398082392240207,-0.0,0.031981511849597764,-0.03683717808467009
61.6831,0.3,1,0.9188544919434989,-1.3146215352179949,0.02398082392240207,-0.0,0.03198140164513896,-0.036837160332682195
61.7101,0.3,1,0.9188544919434989,-1.3146215352179949,0.02398082392240207,-0.0,0.03198142193467355,-0.036837165056817826
61.7371,0.3,1,0.9188544919434989,-1.3146215352179949,0.02398082392240207,-0.0,0.031981500946213506,-0.03683718343611965
61.7641,0.3,1,0.9188544919434989,-1.3146215352179949,0.02398082392240207,-0.0,0.03198153203637325,-0.03683718161279558
61.7911,0.3,1,0.9188544919434989,-1.3146215352179949,0.02398082392240207,-0.0,0.03198148674270364,-0.03683718121601499
61.8181,0.3,1,0.9188544919434989,-1.3146215352179949,0.02398082392240207,-0.0,0.03198137984836019,-0.03683715641081985
61.8451,0.3,1,0.9188544919434989,-1.3146215352179949,0.02398082392240207,-0.0,0.03198150450729955,-0.03683717987823344
61.8721,0.3,1,0.9188544919434989,-1.3146215352179949,0.02398082392240207,-0.0,0.031981408121702276,-0.03683716004760046
61.8991,0.3,1,0.9188544919434989,-1.3146215352179949,0.02398082392240207,-0.0,0.03198148365988501,-0.036837168901193665
61.9261,0.3,1,0.9188544919434989,-1.3146215352179949,0.02398082392240207,-0.0,0.03198134473388458,-0.0368371535523402
61.9531,0.3,1,0.9188544919434989,-1.3146215352179949,0.02398082392240207,-0.0,0.031981308666814715,-0.03683714107643485
61.9801,0.3,1,0.9188544919434989,-1.3146215352179949,0.02398082392240207,-0.0,0.03198128281207952,-0.03683714668335432
62.0071,0.3,1,0.9188544919434989,-1.3146215352179949,0.02398082392240207,-0.0,0.03198135134993342,-0.03683714983285564
62.0341,0.3,1,0.9188544919434989,-1.3146215352179949,0.02398082392240207,-0.0,0.03198144373064248,-0.03683716999087905
62.0619,0.3,1,0.9188544919434989,-1.3146215352179949,0.02398082392240207,-0.0,0.03198149116463146,-0.03683717113417857
62.0865,0.3,1,0.9188544919434989,-1.3146215352179949,0.02398082392240207,-0.0,0.03198142713828074,-0.0368371652852742
62.1102,0.3,1,0.9188544919434989,-1.3146215352179949,0.02398082392240207,-0.0,0.03198141240114111,-0.036837160081323386
62.1341,0.3,1,0.9188544919434989,-1.3146215352179949,0.02398082392240207,-0.0,0.03198138966905235,-0.03683715917118637
62.1608,0.3,1,0.9188544919434989,-1.3146215352179949,0.02398082392240207,-0.0,0.03198150424229791,-0.036837181819540654
62.1878,0.3,1,0.9188544919434989,-1.3146215352179949,0.02398082392240207,-0.0,0.03198145060154775,-0.03683716579640928
62.2148,0.3,1,0.9188544919434989,-1.3146215352179949,0.02398082392240207,-0.0,0.03198143737026861,-0.03683716746268062
62.2418,0.3,1,0.9188544919434989,-1.3146215352179949,0.02398082392240207,-0.0,0.031981482513399384,-0.03683717816498001
62.2688,0.3,1,0.9188544919434989,-1.3146215352179949,0.02398082392240207,-0.0,0.031981316624991665,-0.03683715191927021
62.2958,0.3,1,0.9188544919434989,-1.3146215352179949,0.02398082392240207,-0.0,0.0319814154727707,-0.03683716077424249
62.3228,0.3,1,0.9188544919434989,-1.3146215352179949,0.02398082392240207,-0.0,0.03198155523835218,-0.03683718812846051
62.3491,0.3,1,0.9188544919434989,-1.3146215352179949,0.02398082392240207,-0.0,0.031981599510798334,-0.03683719436199572
62.3761,0.3,1,0.9188544919434989,-1.3146215352179949,0.02398082392240207,-0.0,0.03198150800151193,-0.036837179006771144
62.4031,0.3,1,0.9188544919434989,-1.3146215352179949,0.02398082392240207,-0.0,0.03198141248789631,-0.036837160707419644
62.4301,0.3,1,0.9188544919434989,-1.3146215352179949,0.02398082392240207,-0.0,0.03198140915587832,-0.036837154328605286
62.4572,0.3,1,0.9188544919434989,-1.3146215352179949,0.02398082392240207,-0.0,0.03198147570895746,-0.03683717404374068
62.4848,0.3,1,0.9188544919434989,-1.3146215352179949,0.02398082392240207,-0.0,0.031981336568648544,-0.036837154551785156
62.5118,0.3,1,0.9188544919434989,-1.3146215352179949,0.02398082392240207,-0.0,0.03198138811288793,-0.036837161077995464
72.6486,0.3,2,0.9188544919434989,-1.3146215352179949,0.006160735985360666,-0.0,0.036356062716117785,-0.03683717714302183
72.6734,0.3,2,0.9188544919434989,-1.3146215352179949,0.006821631573875525,-0.0,0.03626271819985095,-0.03683718159631575
72.6995,0.3,2,0.9188544919434989,-1.3146215352179949,0.01733300123189087,-0.0,0.033889685145473206,-0.03683718916596786
72.7265,0.3,2,0.9188544919434989,-1.3146215352179949,0.011584934000396056,-0.0,0.03536360253222696,-0.03683717164365202
72.7535,0.3,2,0.9188544919434989,-1.3146215352179949,0.012735246142380247,-0.0,0.03509557940794493,-0.03683715411515215
72.7805,0.3,2,0.9188544919434989,-1.3146215352179949,0.019624056679778495,-0.0,0.03323821559844409,-0.0368372000992492
72.8075,0.3,2,0.9173205111556134,-1.3146215352179949,0.009594508301979192,-0.0,0.03595195844986418,-0.03683688107149507
72.8345,0.3,2,0.9188544919434989,-1.3146215352179949,0.006115191490307547,-0.0,0.03636218595950129,-0.03683717441690969
72.8615,0.3,2,0.9188544919434989,-1.3146215352179949,0.017751463074579397,-0.0,0.033772073155638266,-0.036837157668813486
72.8885,0.3,2,0.9188544919434989,-1.3146215352179949,0.015555374998680807,-0.0,0.03437682372011934,-0.036837175009377846
72.9155,0.3,2,0.9188544919434989,-1.3146215352179949,0.01930058870853555,-0.0,0.03333124703768485,-0.03683719520207246
72.9425,0.3,2,0.9188544919434989,-1.3146215352179949,0.019178179377868178,-0.0,0.03336636549123489,-0.03683719518665712
72.9695,0.3,2,0.9188544919434989,-1.3146215352179949,0.015621377741494613,-0.0,0.034359143510270015,-0.03683717172861833
72.9965,0.3,2,0.9188544919434989,-1.3146215352179949,0.008450124195703769,-0.0,0.03599790384605003,-0.03683718402026343
73.0235,0.3,2,0.9188544919434989,-1.3146215352179949,0.016547868967978545,-0.0,0.03410738111581134,-0.036837180140488354
73.0505,0.3,2,0.9188544919434989,-1.3146215352179949,0.006410983487482174,-0.0,0.036321795168928854,-0.03683719012293929
73.0775,0.3,2,0.9173205111556134,-1.3146215352179949,0.014994616538562605,-0.0,0.03469370132711165,-0.036836889984405846
73.1045,0.3,2,0.9173205111556134,-1.3146215352179949,0.013837435837302129,-0.0,0.03499216287458614,-0.03683688306234966
73.1315,0.3,2,0.9188544919434989,-1.3146215352179949,0.0151812933630566,-0.0,0.03447634895086341,-0.036837146724373805
73.1586,0.3,2,0.9188544919434989,-1.3146215352179949,0.010908656471422019,-0.0,0.03551285706044294,-0.03683716105362488
73.1856,0.3,2,0.9188544919434989,-1.3146215352179949,0.013520221163033568,-0.0,0.034903689704555416,-0.03683716795709783
73.2125,0.3,2,0.9188544919434989,-1.3146215352179949,0.02096046792287056,-0.0,0.03285184743881139,-0.036837166948886314
73.2395,0.3,2,0.9188544919434989,-1.3146215352179949,0.009152810569085094,-0.0,0.03586914670250986,-0.03683717379817266
73.2662,0.3,2,0.9188544919434989,-1.3146215352179949,0.018236147738161495,-0.0,0.03363521947779359,-0.03683719196797968
73.2921,0.3,2,0.9188544919434989,-1.3146215352179949,0.007850063637994191,-0.0,0.036101032642787974,-0.03683718687171818
73.3185,0.3,2,0.9188544919434989,-1.3146215352179949,0.01095612244807772,-0.0,0.03550275100693552,-0.036837185531234946
73.3455,0.3,2,0.9188544919434989,-1.3146215352179949,0.017660348403525795,-0.0,0.03379765783149305,-0.03683714568820685
73.3725,0.3,2,0.9173205111556134,-1.3146215352179949,0.01697578566091011,-0.0,0.03415706027315461,-0.03683688414410386
73.3995,0.3,2,0.9188544919434989,-1.3146215352179949,0.013075570464879952,-0.0,0.03501334591700134,-0.0368371751122238
73.4265,0.3,2,0.9188544919434989,-1.3146215352179949,0.01517853169208887,-0.0,0.03447723398909169,-0.036837176964190976
73.4535,0.3,2,0.9188544919434989,-1.3146215352179949,0.019538339725475473,-0.0,0.03326283266656023,-0.03683718305158354
73.4805,0.3,2,0.9188544919434989,-1.3146215352179949,0.02225971452245401,-0.0,0.03247592435018872,-0.036837187519836334
73.5075,0.3,2,0.9188544919434989,-1.3146215352179949,0.023314030877051705,-0.0,0.03217203957437812,-0.03683714902052046
73.5345,0.3,2,0.9188544919434989,-1.3146215352179949,0.01006462907968624,-0.0,0.03569018389943661,-0.036837178248919994
73.5615,0.3,2,0.9188544919434989,-1.3146215352179949,0.0038992435196556646,-0.0,0.036609886485576795,-0.03683717577741588
73.5885,0.3,2,0.9188544919434989,-1.3146215352179949,0.010612155840883089,-0.0,0.03557636171877694,-0.036837169548356356
73.6155,0.3,2,0.9188544919434989,-1.3146215352179949,0.017769232160243544,-0.0,0.03376719962696703,-0.0368371785072773
73.6425,0.3,2,0.9188544919434989,-1.3146215352179949,0.019176243612198045,-0.0,0.033366807565473784,-0.03683716578921243
73.6685,0.3,2,0.9188544919434989,-1.3146215352179949,0.019940139858292225,-0.0,0.033147032618119215,-0.036837189739100336
73.6936,0.3,2,0.9188544919434989,-1.3146215352179949,0.015742638643862286,-0.0,0.03432648139233229,-0.036837157977060636
73.7202,0.3,2,0.9188544919434989,-1.3146215352179949,0.010655377306811825,-0.0,0.0355671367807346,-0.03683716725226721
73.7472,0.3,2,0.9188544919434989,-1.3146215352179949,0.01881827287844672,-0.0,0.03346929765405141,-0.03683717618781423
73.7742,0.3,2,0.9188544919434989,-1.3146215352179949,0.009469875691594111,-0.0,0.035808450684405274,-0.036837183392545644
73.8012,0.3,2,0.9188544919434989,-1.3146215352179949,0.01835898526296878,-0.0,0.03360026206743878,-0.036837180580032686
73.8282,0.3,2,0.9188544919434989,-1.3146215352179949,0.021802808439885333,-0.0,0.0326080345028216,-0.03683718460830567
73.8551,0.3,2,0.9188544919434989,-1.3146215352179949,0.008446854707353707,-0.0,0.03599848989160362,-0.036837185036887585
73.8822,0.3,2,0.9188544919434989,-1.3146215352179949,0.009284551479135289,-0.0,0.03584417495551963,-0.036837182078680794
73.9092,0.3,2,0.9188544919434989,-1.3146215352179949,0.005995107866432477,-0.0,0.036378093876542734,-0.036837162105694585
73.9362,0.3,2,0.9188544919434989,-1.3146215352179949,0.017012789012983198,-0.0,0.033978864242693356,-0.03683717552251134
73.9632,0.3,2,0.9188544919434989,-1.3146215352179949,0.00659110303866378,-0.0,0.036296191593564835,-0.036837175111762724
73.9902,0.3,2,0.9173205111556134,-1.3146215352179949,0.003827967666903037,-0.0,0.03678412142483944,-0.036836895336502404
74.0172,0.3,2,0.9188544919434989,-1.3146215352179949,0.009730038452301845,-0.0,0.035757398230055644,-0.03683718302774393
74.0442,0.3,2,0.9188544919434989,-1.3146215352179949,0.01845977764694176,-0.0,0.033571565802999415,-0.03683717132520381
74.0712,0.3,2,0.9188544919434989,-1.3146215352179949,0.013594852127657544,-0.0,0.034885140172976885,-0.03683717126022193
74.0982,0.3,2,0.9188544919434989,-1.3146215352179949,0.009823280804436174,-0.0,0.03573875372918211,-0.03683716946886269
74.1252,0.3,2,0.9188544919434989,-1.3146215352179949,0.01849590164460116,-0.0,0.03356128866959061,-0.03683717503813394
74.1522,0.3,2,0.9173205111556134,-1.3146215352179949,0.021855852651409463,-0.0,0.032760532008704435,-0.036836884235477624
74.1792,0.3,2,0.9188544919434989,-1.3146215352179949,0.010646696332611845,-0.0,0.03556899812487019,-0.03683715341981457
74.2054,0.3,2,0.9188544919434989,-1.3146215352179949,0.013945135503877873,-0.0,0.034797031432397846,-0.036837178212636434
74.2326,0.3,2,0.9188544919434989,-1.3146215352179949,0.009240109566645154,-0.0,0.035852589454352726,-0.03683717914395444
74.2596,0.3,2,0.9188544919434989,-1.3146215352179949,0.01826996915848542,-0.0,0.03362557416411222,-0.03683717817298032
74.2866,0.3,2,0.9188544919434989,-1.3146215352179949,0.00811045622213311,-0.0,0.03605701495995829,-0.036837176401297536
74.3136,0.3,2,0.9188544919434989,-1.3146215352179949,0.014378587791848708,-0.0,0.034686168344130984,-0.03683716125555027
74.3405,0.3,2,0.9188544919434989,-1.3146215352179949,0.012013715558295552,-0.0,0.035265609751943386,-0.036837157341336954
74.3676,0.3,2,0.9188544919434989,-1.3146215352179949,0.018312225111326175,-0.0,0.03361354377959923,-0.03683717369533869
74.3946,0.3,2,0.9188544919434989,-1.3146215352179949,0.009273822418198912,-0.0,0.03584620564639754,-0.036837185883470715
74.4216,0.3,2,0.9188544919434989,-1.3146215352179949,0.0126710255393984,-0.0,0.035111326575248125,-0.03683721545272026
74.4486,0.3,2,0.9188544919434989,-1.3146215352179949,0.019599176302367394,-0.0,0.033245090071145095,-0.036837148599809535
74.4741,0.3,2,0.9188544919434989,-1.3146215352179949,0.012274281091739737,-0.0,0.03520505359054474,-0.036837167057291356
74.4996,0.3,2,0.9188544919434989,-1.3146215352179949,0.01125411126565623,-0.0,0.03543750551116535,-0.03683718515849651
74.5266,0.3,2,0.9188544919434989,-1.3146215352179949,0.005392369126538716,-0.0,0.03645387545240465,-0.03683715986346368
74.5536,0.3,2,0.9173205111556134,-1.3146215352179949,0.008985016030174157,-0.0,0.036068658160805706,-0.03683689709802816
74.5806,0.3,2,0.9188544919434989,-1.3146215352179949,0.009184331223492386,-0.0,0.03586319635458435,-0.036837177759577115
74.6076,0.3,2,0.9173205111556134,-1.3146215352179949,0.011749556202534596,-0.0,0.03549434150559277,-0.03683690584628485
74.6346,0.3,2,0.9188544919434989,-1.3146215352179949,0.011050822092489906,-0.0,0.03548201414777141,-0.036837165101990664
74.6615,0.3,2,0.9188544919434989,-1.3146215352179949,0.01679218507979578,-0.0,0.034039959254048846,-0.03683716962455747
74.6886,0.3,2,0.9188544919434989,-1.3146215352179949,0.021195797946755163,-0.0,0.03278372643904909,-0.03683717196099824
74.7156,0.3,2,0.9188544919434989,-1.3146215352179949,0.011665416920782457,-0.0,0.035345488824492136,-0.036837183283467065
74.7426,0.3,2,0.9188544919434989,-1.3146215352179949,0.012766426874752492,-0.0,0.03508829628241095,-0.036837190828774916
74.7696,0.3,2,0.9188544919434989,-1.3146215352179949,0.004945975342599354,-0.0,0.03650535408473851,-0.03683717223628297
74.7966,0.3,2,0.9188544919434989,-1.3146215352179949,0.014427042366683117,-0.0,0.034673728178750696,-0.036837165978238856
74.8236,0.3,2,0.9188544919434989,-1.3146215352179949,0.008779901798278053,-0.0,0.03593832950898776,-0.036837147852989346
74.8506,0.3,2,0.9188544919434989,-1.3146215352179949,0.0159123840289322,-0.0,0.034280688220305756,-0.03683716776112442
74.8776,0.3,2,0.9188544919434989,-1.3146215352179949,0.020854944993406874,-0.0,0.03288243640879444,-0.03683717066360518
74.9046,0.3,2,0.9188544919434989,-1.3146215352179949,0.007169482086436992,-0.0,0.036210230378591064,-0.03683717898216057
74.9316,0.3,2,0.9188544919434989,-1.3146215352179949,0.0176865568289157,-0.0,0.03379038213641288,-0.036837159795277255
74.9577,0.3,2,0.9188544919434989,-1.3146215352179949,0.015043492604176019,-0.0,0.034512879421791896,-0.036837166567317926
74.9817,0.3,2,0.9188544919434989,-1.3146215352179949,0.0064757302899752876,-0.0,0.03631255374477689,-0.03683716698314783
75.0056,0.3,2,0.9173205111556134,-1.3146215352179949,0.008198449758748482,-0.0,0.03620975398398055,-0.03683687436870459
75.0294,0.3,2,0.9188544919434989,-1.3146215352179949,0.007366642144535162,-0.0,0.036179440653715686,-0.036837182003220746
75.0534,0.3,2,0.9188544919434989,-1.3146215352179949,0.0077274544362828665,-0.0,0.03612134985546718,-0.036837176880037306
75.0773,0.3,2,0.9188544919434989,-1.3146215352179949,0.016984281306613218,-0.0,0.03398671268794508,-0.03683717299034872
75.1022,0.3,2,0.9188544919434989,-1.3146215352179949,0.018570959350697143,-0.0,0.033539942751106194,-0.036837179375776144
75.1283,0.3,2,0.9188544919434989,-1.3146215352179949,0.007994189058718012,-0.0,0.03607676945040447,-0.03683715848833531
75.1553,0.3,2,0.9188544919434989,-1.3146215352179949,0.017787274026049165,-0.0,0.033761947009319344,-0.0368371480825311
75.1824,0.3,2,0.9188544919434989,-1.3146215352179949,0.02158131579291114,-0.0,0.03267213603395278,-0.03683718336041138
75.2095,0.3,2,0.9188544919434989,-1.3146215352179949,0.01589214303746179,-0.0,0.03428622486664287,-0.03683717905987159
75.2368,0.3,2,0.9188544919434989,-1.3146215352179949,0.018449020826353357,-0.0,0.03357460577020053,-0.03683716415748288
75.2636,0.3,2,0.9173205111556134,-1.3146215352179949,0.007147528670117004,-0.0,0.03638150113163361,-0.036836885219872585
75.2906,0.3,2,0.9188544919434989,-1.3146215352179949,0.00276909905251825,-0.0,0.03669681683893296,-0.036837183163509334
75.3176,0.3,2,0.9188544919434989,-1.3146215352179949,0.011185593497647181,-0.0,0.03545262116912721,-0.03683718263173024
75.3446,0.3,2,0.9188544919434989,-1.3146215352179949,0.006081730166556804,-0.0,0.03636664354776273,-0.03683716781233515
75.3716,0.3,2,0.9188544919434989,-1.3146215352179949,0.011197425312181795,-0.0,0.03544995117892802,-0.036837179714437826
75.3986,0.3,2,0.9188544919434989,-1.3146215352179949,0.019028273381748624,-0.0,0.03340922397679755,-0.03683717525099005
75.4257,0.3,2,0.9188544919434989,-1.3146215352179949,0.015618948325296814,-0.0,0.034359722572367996,-0.03683716148818533
75.4526,0.3,2,0.9188544919434989,-1.3146215352179949,0.020741261989614394,-0.0,0.0329153643845363,-0.0368371807565982
75.4796,0.3,2,0.9188544919434989,-1.3146215352179949,0.014534393145464494,-0.0,0.0346460506621766,-0.03683718227859563
75.5066,0.3,2,0.9188544919434989,-1.3146215352179949,0.018141791880605437,-0.0,0.033661859106004846,-0.03683717049622109
75.5336,0.3,2,0.9188544919434989,-1.3146215352179949,0.02171866327348256,-0.0,0.03263232494052856,-0.036837169325315645
75.5606,0.3,2,0.9188544919434989,-1.3146215352179949,0.009446550982576725,-0.0,0.035812916637866316,-0.03683717183937648
75.5876,0.3,2,0.9173205111556134,-1.3146215352179949,0.014896218277290114,-0.0,0.034719608214665326,-0.03683689872846168
75.6146,0.3,2,0.9188544919434989,-1.3146215352179949,0.010939816909472043,-0.0,0.035506189624960494,-0.03683717642638236
75.6416,0.3,2,0.9188544919434989,-1.3146215352179949,0.010368047619443325,-0.0,0.03562761820025098,-0.03683716568780332
75.6686,0.3,2,0.9188544919434989,-1.3146215352179949,0.018706955470462198,-0.0,0.033500996568511146,-0.036837157000011084
75.6954,0.3,2,0.9188544919434989,-1.3146215352179949,0.008279753672805461,-0.0,0.03602782911239472,-0.03683718631351695
75.7227,0.3,2,0.9173205111556134,-1.3146215352179949,0.0046237898885117595,-0.0,0.036707847568107896,-0.036836872773094095
75.7498,0.3,2,0.9188544919434989,-1.3146215352179949,0.00829015422261145,-0.0,0.03602591525359185,-0.03683716993372727
75.7768,0.3,2,0.9188544919434989,-1.3146215352179949,0.003211775602809544,-0.0,0.036665967605473575,-0.03683717471070018
75.8045,0.3,2,0.9188544919434989,-1.3146215352179949,0.01490217322962315,-0.0,0.0345499571313863,-0.0368371556532793
75.8313,0.3,2,0.9173205111556134,-1.3146215352179949,0.014614645676871619,-0.0,0.03479318363255361,-0.03683690442118159
75.8585,0.3,2,0.9188544919434989,-1.3146215352179949,0.013193112294404074,-0.0,0.03498456164753161,-0.03683716927070578
75.8855,0.3,2,0.9188544919434989,-1.3146215352179949,0.011554438061378037,-0.0,0.03537052797365776,-0.03683718856685169
75.9128,0.3,2,0.9173205111556134,-1.3146215352179949,0.012275788786387442,-0.0,0.03537254169481332,-0.03683687208747684
75.9398,0.3,2,0.9188544919434989,-1.3146215352179949,0.004755892094482941,-0.0,0.03652591205947954,-0.036837156819546434
75.9675,0.3,2,0.9188544919434989,-1.3146215352179949,0.010411830227251565,-0.0,0.035618447309875706,-0.036837161935849
75.9948,0.3,2,0.9173205111556134,-1.3146215352179949,0.005607138215575584,-0.0,0.03659561767197361,-0.03683687032786448
76.0218,0.3,2,0.9173205111556134,-1.3146215352179949,0.010850414723230693,-0.0,0.035693453052622004,-0.03683688422271168
76.0495,0.3,2,0.9188544919434989,-1.3146215352179949,0.010499999473871086,-0.0,0.035600066967849085,-0.03683717525551965
76.0765,0.3,2,0.9173205111556134,-1.3146215352179949,0.012022428566281813,-0.0,0.03543177536868156,-0.036836914207302084
76.1045,0.3,2,0.9173205111556134,-1.3146215352179949,0.005690030990854239,-0.0,0.03658530826699298,-0.036836886165419
76.1313,0.3,2,0.9188544919434989,-1.3146215352179949,0.007373151329135473,-0.0,0.03617845410189778,-0.03683718535021565
76.1583,0.3,2,0.9188544919434989,-1.3146215352179949,0.012676897097867545,-0.0,0.03510972694288468,-0.03683717843412203
76.1853,0.3,2,0.9188544919434989,-1.3146215352179949,0.013102647781449735,-0.0,0.035006649331888004,-0.036837164818778106
76.2123,0.3,2,0.9188544919434989,-1.3146215352179949,0.00862131197707731,-0.0,0.03596728258721547,-0.036837180479973655
76.2393,0.3,2,0.9188544919434989,-1.3146215352179949,0.01457650377823765,-0.0,0.03463508714065621,-0.03683717410667203
76.2656,0.3,2,0.9188544919434989,-1.3146215352179949,0.015781041068180957,-0.0,0.03431623847788925,-0.03683717931991731
76.2923,0.3,2,0.9188544919434989,-1.3146215352179949,0.01735032952382055,-0.0,0.03388461968052789,-0.036837154075801216
76.3194,0.3,2,0.9188544919434989,-1.3146215352179949,0.01316502919327779,-0.0,0.034991385291986206,-0.0368371599999762
76.3463,0.3,2,0.9188544919434989,-1.3146215352179949,0.011599205330729926,-0.0,0.03536049416549424,-0.03683719157659271
76.3733,0.3,2,0.9188544919434989,-1.3146215352179949,0.01918393119300497,-0.0,0.03336466844222267,-0.03683718482282382
76.4003,0.3,2,0.9188544919434989,-1.3146215352179949,0.012302022191035634,-0.0,0.0351985890421689,-0.03683718331767728
76.4273,0.3,2,0.9188544919434989,-1.3146215352179949,0.005415935781236974,-0.0,0.036451101500249466,-0.03683716406992474
76.4543,0.3,2,0.9188544919434989,-1.3146215352179949,0.020694882097480907,-0.0,0.03292873089622742,-0.03683717478265805
76.4813,0.3,2,0.9188544919434989,-1.3146215352179949,0.02270778273376557,-0.0,0.032346513345440475,-0.03683717619911524
76.5078,0.3,2,0.9188544919434989,-1.3146215352179949,0.01893126513732699,-0.0,0.03343693660697879,-0.03683716756174463
76.5346,0.3,2,0.9188544919434989,-1.3146215352179949,0.007334359996891878,-0.0,0.036184472360556906,-0.03683717796249866
76.5616,0.3,2,0.9188544919434989,-1.3146215352179949,0.016384647354106992,-0.0,0.03415221042385107,-0.036837185390555055
76.5886,0.3,2,0.9188544919434989,-1.3146215352179949,0.012117671520044296,-0.0,0.035241706226469584,-0.03683719401999662
76.6142,0.3,2,0.9173205111556134,-1.3146215352179949,0.012240416300436057,-0.0,0.035380927760077896,-0.03683688496201706
76.6406,0.3,2,0.9188544919434989,-1.3146215352179949,0.006416093228240308,-0.0,0.036320832280325135,-0.036837146879515614
76.6668,0.3,2,0.9173205111556134,-1.3146215352179949,0.007223353569240285,-0.0,0.03636963975503335,-0.03683686793143854
76.6933,0.3,2,0.9188544919434989,-1.3146215352179949,0.008501827091424441,-0.0,0.035988652699095514,-0.036837171198837594
76.7203,0.3,2,0.9188544919434989,-1.3146215352179949,0.00832089438220728,-0.0,0.036020601753502454,-0.03683717346327175
76.7473,0.3,2,0.9188544919434989,-1.3146215352179949,0.01573455515134343,-0.0,0.034328744702189135,-0.036837176196210554
76.7743,0.3,2,0.9188544919434989,-1.3146215352179949,0.020786050442693115,-0.0,0.032902382485107094,-0.036837167673991235
76.8013,0.3,2,0.9188544919434989,-1.3146215352179949,0.011506672342392209,-0.0,0.03538129733876969,-0.03683718825466627
76.8283,0.3,2,0.9188544919434989,-1.3146215352179949,0.012704925972566446,-0.0,0.03510307664014476,-0.03683719523359348
76.8553,0.3,2,0.9188544919434989,-1.3146215352179949,0.017190875345995064,-0.0,0.03392930113332247,-0.036837181102492414
76.8823,0.3,2,0.9188544919434989,-1.3146215352179949,0.021350258724645625,-0.0,0.03273907634221765,-0.036837185408237966
76.9093,0.3,2,0.9188544919434989,-1.3146215352179949,0.0229616890671409,-0.0,0.03227334361825114,-0.036837168730381245
76.9363,0.3,2,0.9188544919434989,-1.3146215352179949,0.011075120017548528,-0.0,0.03547680853936987,-0.03683717854510206
76.9633,0.3,2,0.9188544919434989,-1.3146215352179949,0.015527159289189144,-0.0,0.03438451909059666,-0.036837202573923596
76.9903,0.3,2,0.9188544919434989,-1.3146215352179949,0.014206897753389762,-0.0,0.03473036574857324,-0.0368371779186
77.0173,0.3,2,0.9188544919434989,-1.3146215352179949,0.007902125667031473,-0.0,0.03609237580841097,-0.036837194155307285
77.0443,0.3,2,0.9188544919434989,-1.3146215352179949,0.017751606781822964,-0.0,0.03377206955099822,-0.03683716286095263
77.0713,0.3,2,0.9188544919434989,-1.3146215352179949,0.0068773361799495695,-0.0,0.03625436275827852,-0.03683715911852257
77.0983,0.3,2,0.9188544919434989,-1.3146215352179949,0.012777208734484579,-0.0,0.03508570350984329,-0.036837186506383096
77.1253,0.3,2,0.9188544919434989,-1.3146215352179949,0.006523534313517888,-0.0,0.036305871889152685,-0.03683717724515579
77.1523,0.3,2,0.9188544919434989,-1.3146215352179949,0.011447588815489955,-0.0,0.03539462561808321,-0.03683720057922021
77.1791,0.3,2,0.9188544919434989,-1.3146215352179949,0.008873715497119614,-0.0,0.035921262610864715,-0.03683717113927122
77.2073,0.3,2,0.9188544919434989,-1.3146215352179949,0.017095724752165364,-0.0,0.033955905837043394,-0.03683719246361755
77.2344,0.3,2,0.9188544919434989,-1.3146215352179949,0.01481459215208452,-0.0,0.03457300239834917,-0.036837172851369934
77.2603,0.3,2,0.9173205111556134,-1.3146215352179949,0.018031555535418114,-0.0,0.033861043265655595,-0.036836889126161294
77.2858,0.3,2,0.9188544919434989,-1.3146215352179949,0.0069857940629623454,-0.0,0.03623803310210056,-0.03683714714716077
77.3127,0.3,2,0.9188544919434989,-1.3146215352179949,0.015518025460789297,-0.0,0.034386882665091635,-0.03683717759253097
77.3397,0.3,2,0.9188544919434989,-1.3146215352179949,0.0177127368747529,-0.0,0.03378314570631608,-0.0368371851862027
77.3667,0.3,2,0.9188544919434989,-1.3146215352179949,0.007894573018282867,-0.0,0.036093612576071986,-0.036837179402055054
77.3937,0.3,2,0.9188544919434989,-1.3146215352179949,0.014294950215446158,-0.0,0.034707740431681136,-0.03683716792107587
77.4207,0.3,2,0.9188544919434989,-1.3146215352179949,0.020228317994460985,-0.0,0.03306370590728114,-0.03683716606693107
77.4477,0.3,2,0.9188544919434989,-1.3146215352179949,0.01081160742351391,-0.0,0.03553377894550745,-0.03683715796748257
77.4747,0.3,2,0.9188544919434989,-1.3146215352179949,0.01542506911115059,-0.0,0.03441169591679738,-0.036837173011793324
77.5017,0.3,2,0.9188544919434989,-1.3146215352179949,0.016109792664406538,-0.0,0.034227139032983946,-0.036837171668004584
77.5287,0.3,2,0.9188544919434989,-1.3146215352179949,0.019899129306757406,-0.0,0.03315882732749835,-0.03683718881382368
77.5557,0.3,2,0.9188544919434989,-1.3146215352179949,0.018875431089941736,-0.0,0.03345295246989714,-0.036837173827478746
77.5827,0.3,2,0.9188544919434989,-1.3146215352179949,0.0073127287429510315,-0.0,0.03618795818811124,-0.03683719035177814
77.6097,0.3,2,0.9188544919434989,-1.3146215352179949,0.01752326233728062,-0.0,0.03383640583377437,-0.03683718317130784
77.6367,0.3,2,0.9173205111556134,-1.3146215352179949,0.011658645050883841,-0.0,0.035514761243827006,-0.03683686416255478
86.2444,0.3,3,0.9188544919434989,-1.3146215352179949,0.019780564046592414,-0.0,0.03319295902398431,-0.03683716979378661
86.2691,0.3,3,0.9173205111556134,-1.3146215352179949,0.007663395795626654,-0.0,0.03629973615008765,-0.03683688886030316
86.2936,0.3,3,0.9188544919434989,-1.3146215352179949,0.013119227811732019,-0.0,0.035002680812056146,-0.036837176849756466
86.3206,0.3,3,0.9173205111556134,-1.3146215352179949,0.01231838422217459,-0.0,0.03536259181397099,-0.03683687726920785
86.3474,0.3,3,0.9173205111556134,-1.3146215352179949,0.017064473438566735,-0.0,0.03413242117237224,-0.03683688953048009
86.3740,0.3,3,0.9173205111556134,-1.3146215352179949,0.007037513127492762,-0.0,0.036398348442964114,-0.03683689736914231
86.4011,0.3,3,0.9188544919434989,-1.3146215352179949,0.02053062678840489,-0.0,0.03297635647929717,-0.036837177113167086
86.4269,0.3,3,0.9188544919434989,-1.3146215352179949,0.010277157591477234,-0.0,0.03564645344882626,-0.03683716271732943
86.4540,0.3,3,0.9173205111556134,-1.3146215352179949,0.012654973249929978,-0.0,0.03528287963430231,-0.036836893180179034
86.4810,0.3,3,0.9188544919434989,-1.3146215352179949,0.010228205766594726,-0.0,0.03565661609757852,-0.036837180962950085
86.5080,0.3,3,0.9173205111556134,-1.3146215352179949,0.019903864889536056,-0.0,0.03332525089464258,-0.03683686892463655
86.5350,0.3,3,0.9173205111556134,-1.3146215352179949,0.008743460905231759,-0.0,0.03611310184563124,-0.03683689038826586
86.5620,0.3,3,0.9188544919434989,-1.3146215352179949,0.0038137823828529953,-0.0,0.03661753066602561,-0.036837195935490744
86.5890,0.3,3,0.9173205111556134,-1.3146215352179949,0.014594316969917868,-0.0,0.03479841630260424,-0.036836893473572344
86.6161,0.3,3,0.9188544919434989,-1.3146215352179949,0.014513502958997834,-0.0,0.03465153275756066,-0.036837192544819194
86.6431,0.3,3,0.9173205111556134,-1.3146215352179949,0.016622341003582383,-0.0,0.03425480952150531,-0.03683688941249571
86.6688,0.3,3,0.9188544919434989,-1.3146215352179949,0.009745105007101901,-0.0,0.03575425664361905,-0.036837160068698235
86.6958,0.3,3,0.9173205111556134,-1.3146215352179949,0.011344587708334285,-0.0,0.03558534281388484,-0.03683688667537337
86.7227,0.3,3,0.9188544919434989,-1.3146215352179949,0.006793208109706469,-0.0,0.036266958906802566,-0.03683719447209648
86.7496,0.3,3,0.9173205111556134,-1.3146215352179949,0.01628969356276565,-0.0,0.03434613465695362,-0.03683690486758169
86.7772,0.3,3,0.9188544919434989,-1.3146215352179949,0.007343256882484591,-0.0,0.036183184695371524,-0.03683718924996785
86.8037,0.3,3,0.9188544919434989,-1.3146215352179949,0.005134216257018942,-0.0,0.03648425226840074,-0.03683717996193692
86.8309,0.3,3,0.9173205111556134,-1.3146215352179949,0.010399249863066604,-0.0,0.0357890405487729,-0.03683688186932863
86.8591,0.3,3,0.9188544919434989,-1.3146215352179949,0.016320961466704413,-0.0,0.03416966090162874,-0.036837186985198105
86.8861,0.3,3,0.9173205111556134,-1.3146215352179949,0.02400266179348568,-0.0,0.032143131039092915,-0.03683687357645118
86.9131,0.3,3,0.9188544919434989,-1.3146215352179949,0.014908792409202667,-0.0,0.034548401828760594,-0.036837183562558565
86.9400,0.3,3,0.9188544919434989,-1.3146215352179949,0.015886424205551173,-0.0,0.034287862647719734,-0.036837192048452844
86.9670,0.3,3,0.9173205111556134,-1.3146215352179949,0.007570769905969994,-0.0,0.0363147346715306,-0.03683688241289563
86.9940,0.3,3,0.9188544919434989,-1.3146215352179949,0.003965367215815148,-0.0,0.03660404947360375,-0.03683718477657949
87.0211,0.3,3,0.9173205111556134,-1.3146215352179949,0.006923772427398606,-0.0,0.0364154467134369,-0.03683688972557758
87.0481,0.3,3,0.9173205111556134,-1.3146215352179949,0.01737257269130966,-0.0,0.03404648152008767,-0.03683689028963926
87.0752,0.3,3,0.9173205111556134,-1.3146215352179949,0.016604024881081314,-0.0,0.0342598483925584,-0.0368368878666856
87.1021,0.3,3,0.9188544919434989,-1.3146215352179949,0.013139138023814018,-0.0,0.03499783065839189,-0.03683717672556862
87.1291,0.3,3,0.9188544919434989,-1.3146215352179949,0.021146319225489138,-0.0,0.03279793957726509,-0.03683715171523316
87.1560,0.3,3,0.9173205111556134,-1.3146215352179949,0.015369026663540699,-0.0,0.03459452210621498,-0.036836880831901536
87.1830,0.3,3,0.9188544919434989,-1.3146215352179949,0.012453079108413945,-0.0,0.03516299871067214,-0.03683718499326393
87.2100,0.3,3,0.9173205111556134,-1.3146215352179949,0.010325453130120175,-0.0,0.03580444640026358,-0.036836890715170226
87.2370,0.3,3,0.9188544919434989,-1.3146215352179949,0.011451846084170327,-0.0,0.03539353468077745,-0.036837173000433626
87.2640,0.3,3,0.9173205111556134,-1.3146215352179949,0.015694127744013464,-0.0,0.034507452339717276,-0.036836875230664146
87.2910,0.3,3,0.9188544919434989,-1.3146215352179949,0.007785755096576426,-0.0,0.03611179594732702,-0.03683719163276742
87.3180,0.3,3,0.9188544919434989,-1.3146215352179949,0.011854709530766476,-0.0,0.03530242964866806,-0.036837202722677105
87.3450,0.3,3,0.9188544919434989,-1.3146215352179949,0.016124478776859262,-0.0,0.0342233084848017,-0.036837198266953336
87.3720,0.3,3,0.9188544919434989,-1.3146215352179949,0.01794768931502039,-0.0,0.03371686530227661,-0.036837187898393776
87.3990,0.3,3,0.9188544919434989,-1.3146215352179949,0.015779858053043196,-0.0,0.03431650839034571,-0.0368371723632939
87.4261,0.3,3,0.9173205111556134,-1.3146215352179949,0.011962363277934457,-0.0,0.03544558680798899,-0.036836900557585484
87.4523,0.3,3,0.9173205111556134,-1.3146215352179949,0.006207846488281813,-0.0,0.03651761874506887,-0.03683688633423356
87.4761,0.3,3,0.9188544919434989,-1.3146215352179949,0.0167565263963391,-0.0,0.03404975716068829,-0.03683716462413415
87.4999,0.3,3,0.9173205111556134,-1.3146215352179949,0.015022077767473989,-0.0,0.034686574249912984,-0.03683689892118161
87.5236,0.3,3,0.9188544919434989,-1.3146215352179949,0.008864594297207767,-0.0,0.03592295028330264,-0.036837180461379154
87.5489,0.3,3,0.9188544919434989,-1.3146215352179949,0.011888102315420708,-0.0,0.03529469116692978,-0.036837184326929055
87.5757,0.3,3,0.9173205111556134,-1.3146215352179949,0.016897773411844293,-0.0,0.03417864195909148,-0.03683687917179584
87.6027,0.3,3,0.9173205111556134,-1.3146215352179949,0.004973161780679114,-0.0,0.03667022366230397,-0.03683687589561435
87.6297,0.3,3,0.9188544919434989,-1.3146215352179949,0.013163135645203616,-0.0,0.03499200674510145,-0.036837193123740286
87.6536,0.3,3,0.9173205111556134,-1.3146215352179949,0.019407414331759618,-0.0,0.033468360345284665,-0.036836898187303395
87.6774,0.3,3,0.9188544919434989,-1.3146215352179949,0.015707562446531473,-0.0,0.0343359129891449,-0.036837167022539856
87.7012,0.3,3,0.9173205111556134,-1.3146215352179949,0.01214580813885544,-0.0,0.035402911675372545,-0.036836882923106745
87.7249,0.3,3,0.9173205111556134,-1.3146215352179949,0.014785516807022043,-0.0,0.03474846426690188,-0.03683686838429709
87.7501,0.3,3,0.9188544919434989,-1.3146215352179949,0.011739840363672177,-0.0,0.035328595491805115,-0.0368371834039632
87.7771,0.3,3,0.9173205111556134,-1.3146215352179949,0.01995432231344333,-0.0,0.033310724855650994,-0.03683687749788586
87.8034,0.3,3,0.9173205111556134,-1.3146215352179949,0.010152147987105432,-0.0,0.035840049008644265,-0.03683686569190186
87.8307,0.3,3,0.9188544919434989,-1.3146215352179949,0.00805488808617017,-0.0,0.036066624790927565,-0.036837195208978116
87.8548,0.3,3,0.9188544919434989,-1.3146215352179949,0.012941015885647203,-0.0,0.035046098288564115,-0.03683718154052649
87.8786,0.3,3,0.9173205111556134,-1.3146215352179949,0.010981543210970559,-0.0,0.03566501290201335,-0.03683687055142178
87.9031,0.3,3,0.9188544919434989,-1.3146215352179949,0.011225997550491905,-0.0,0.035443602600734925,-0.036837170376897196
87.9300,0.3,3,0.9188544919434989,-1.3146215352179949,0.015400847288183849,-0.0,0.03441827907525636,-0.03683719979875847
87.9570,0.3,3,0.9188544919434989,-1.3146215352179949,0.01924072150737077,-0.0,0.03334820689575061,-0.03683715682121443
87.9840,0.3,3,0.9173205111556134,-1.3146215352179949,0.013466316632998767,-0.0,0.03508513212232481,-0.036836900555383016
88.0110,0.3,3,0.9173205111556134,-1.3146215352179949,0.017458948858215702,-0.0,0.03402229714332218,-0.03683689273854298
88.0381,0.3,3,0.9173205111556134,-1.3146215352179949,0.010085538425567836,-0.0,0.035853828271445336,-0.03683689511220477
88.0650,0.3,3,0.9173205111556134,-1.3146215352179949,0.010235255124388686,-0.0,0.03582313251433784,-0.036836896012479345
88.0920,0.3,3,0.9173205111556134,-1.3146215352179949,0.015965025960684148,-0.0,0.0344343295452405,-0.036836871825173305
88.1190,0.3,3,0.9188544919434989,-1.3146215352179949,0.009701006759849322,-0.0,0.03576337497358431,-0.03683721942987527
88.1460,0.3,3,0.9173205111556134,-1.3146215352179949,0.013315513446986782,-0.0,0.035122396417072266,-0.036836885165886
88.1730,0.3,3,0.9188544919434989,-1.3146215352179949,0.014105845522420349,-0.0,0.034756142194060376,-0.036837171477144805
88.2001,0.3,3,0.9188544919434989,-1.3146215352179949,0.020055038379291807,-0.0,0.033113769055889634,-0.036837169487969786
88.2270,0.3,3,0.9173205111556134,-1.3146215352179949,0.015037589355358504,-0.0,0.034682473677154345,-0.03683689711872196
88.2540,0.3,3,0.9173205111556134,-1.3146215352179949,0.015646257425897068,-0.0,0.03452028448315486,-0.03683687196293152
88.2817,0.3,3,0.9188544919434989,-1.3146215352179949,0.019604846720570026,-0.0,0.033243749282360485,-0.03683719772067115
88.3091,0.3,3,0.9173205111556134,-1.3146215352179949,0.020056932625513915,-0.0,0.03328105422102974,-0.036836871579786164
88.3360,0.3,3,0.9173205111556134,-1.3146215352179949,0.013601262495487581,-0.0,0.03505149488905022,-0.03683689374021471
88.3630,0.3,3,0.9188544919434989,-1.3146215352179949,0.013724008415979604,-0.0,0.03485279350760469,-0.03683717378107274
88.3900,0.3,3,0.9173205111556134,-1.3146215352179949,0.017827832232430264,-0.0,0.033918493032015266,-0.036836875938201806
88.4170,0.3,3,0.9188544919434989,-1.3146215352179949,0.015584961975159907,-0.0,0.03436891454937889,-0.03683717854072703
88.4440,0.3,3,0.9173205111556134,-1.3146215352179949,0.015024743061815563,-0.0,0.034685732339640736,-0.03683688339192145
88.4707,0.3,3,0.9188544919434989,-1.3146215352179949,0.008455820169524429,-0.0,0.035996773368813274,-0.03683716969740499
88.4977,0.3,3,0.9173205111556134,-1.3146215352179949,0.017297818871661323,-0.0,0.03406733600030637,-0.0368368795027245
88.5247,0.3,3,0.9188544919434989,-1.3146215352179949,0.011187555798135601,-0.0,0.03545215181708261,-0.03683717738351834
88.5517,0.3,3,0.9188544919434989,-1.3146215352179949,0.011493350610081917,-0.0,0.03538430187201008,-0.03683719373320628
88.5781,0.3,3,0.9188544919434989,-1.3146215352179949,0.004452759513606386,-0.0,0.03655755377194802,-0.03683719244817951
88.6050,0.3,3,0.9173205111556134,-1.3146215352179949,0.017689690964537493,-0.0,0.033957606167426144,-0.03683690625710491
88.6320,0.3,3,0.9173205111556134,-1.3146215352179949,0.01438444784344873,-0.0,0.03485269390343301,-0.036836892096859836
88.6591,0.3,3,0.9173205111556134,-1.3146215352179949,0.013127281223740035,-0.0,0.03516871676848869,-0.03683689485290162
88.6862,0.3,3,0.9173205111556134,-1.3146215352179949,0.01977593910270406,-0.0,0.03336215430179042,-0.03683687301017456
88.7132,0.3,3,0.9173205111556134,-1.3146215352179949,0.011091982226581807,-0.0,0.035641095884319865,-0.03683689680604217
88.7389,0.3,3,0.9173205111556134,-1.3146215352179949,0.01771298326534928,-0.0,0.033950971765979804,-0.03683689275274593
88.7632,0.3,3,0.9173205111556134,-1.3146215352179949,0.012462502662822355,-0.0,0.03532857735652765,-0.03683687327065842
88.7876,0.3,3,0.9188544919434989,-1.3146215352179949,0.0160331387765644,-0.0,0.034248023245896694,-0.03683717856896758
88.8121,0.3,3,0.9173205111556134,-1.3146215352179949,0.012731386805867067,-0.0,0.03526450840405061,-0.036836883264540286
88.8363,0.3,3,0.9173205111556134,-1.3146215352179949,0.014874445278819565,-0.0,0.0347253165901833,-0.036836890088910244
88.8605,0.3,3,0.9188544919434989,-1.3146215352179949,0.01464996630638521,-0.0,0.03461598615098741,-0.036837174103461254
88.8847,0.3,3,0.9188544919434989,-1.3146215352179949,0.012986404453504054,-0.0,0.035035000585962116,-0.036837163955286994
88.9090,0.3,3,0.9173205111556134,-1.3146215352179949,0.008579646822374188,-0.0,0.03614265184846606,-0.03683688425298913
88.9332,0.3,3,0.9188544919434989,-1.3146215352179949,0.0036932566304127834,-0.0,0.0366279237115765,-0.03683720497061306
88.9574,0.3,3,0.9173205111556134,-1.3146215352179949,0.017190138170246765,-0.0,0.03409751220628241,-0.03683690377249219
88.9815,0.3,3,0.9188544919434989,-1.3146215352179949,0.009821225496428238,-0.0,0.035739258190949676,-0.03683718469855698
89.0061,0.3,3,0.9188544919434989,-1.3146215352179949,0.018896859872115847,-0.0,0.03344671815289694,-0.0368371560755053
89.0332,0.3,3,0.9173205111556134,-1.3146215352179949,0.012933035360741162,-0.0,0.03521595864909079,-0.03683689392343492
89.0601,0.3,3,0.9188544919434989,-1.3146215352179949,0.007905720321808824,-0.0,0.03609176697387125,-0.036837186447622364
89.0870,0.3,3,0.9188544919434989,-1.3146215352179949,0.013415434060827552,-0.0,0.034929829497713456,-0.036837188091415216
89.1141,0.3,3,0.9173205111556134,-1.3146215352179949,0.01813937335181213,-0.0,0.03383043782397452,-0.036836877240881534
89.1411,0.3,3,0.9188544919434989,-1.3146215352179949,0.002471208348856227,-0.0,0.036715123506447976,-0.03683718542647056
89.1680,0.3,3,0.9173205111556134,-1.3146215352179949,0.012891606745593965,-0.0,0.03522604111770382,-0.03683690553499992
89.1950,0.3,3,0.9173205111556134,-1.3146215352179949,0.0171262975987409,-0.0,0.034115329573390876,-0.036836908771930375
89.2220,0.3,3,0.9173205111556134,-1.3146215352179949,0.015089679239424166,-0.0,0.03466856603095983,-0.036836872469420155
89.2494,0.3,3,0.9188544919434989,-1.3146215352179949,0.012507998135988319,-0.0,0.03515005881384422,-0.03683719030573131
89.2749,0.3,3,0.9173205111556134,-1.3146215352179949,0.016105637917039884,-0.0,0.03439609060102576,-0.0368368659233497
89.3021,0.3,3,0.9173205111556134,-1.3146215352179949,0.006695289772002174,-0.0,0.03644911422181516,-0.036836889353699234
89.3290,0.3,3,0.9173205111556134,-1.3146215352179949,0.018558493133842485,-0.0,0.03371136533318769,-0.036836877746070425
89.3560,0.3,3,0.9188544919434989,-1.3146215352179949,0.01279671997181351,-0.0,0.035081144781512266,-0.03683720806478164
89.3830,0.3,3,0.9188544919434989,-1.3146215352179949,0.021221254758387032,-0.0,0.03277643446326783,-0.036837181960857085
89.4100,0.3,3,0.9173205111556134,-1.3146215352179949,0.01205902724624941,-0.0,0.035423093174310305,-0.03683687752278872
89.4371,0.3,3,0.9188544919434989,-1.3146215352179949,0.00706999662484648,-0.0,0.03622547917597842,-0.03683718686565629
89.4643,0.3,3,0.9173205111556134,-1.3146215352179949,0.015249931730497705,-0.0,0.03462620946746651,-0.036836884263728886
89.4912,0.3,3,0.9173205111556134,-1.3146215352179949,0.018440023246992027,-0.0,0.03374513399910754,-0.036836889966594046
89.5182,0.3,3,0.9188544919434989,-1.3146215352179949,0.015216227964040792,-0.0,0.03446724459074066,-0.03683718080931737
89.5459,0.3,3,0.9173205111556134,-1.3146215352179949,0.01936924662977549,-0.0,0.03347924389700384,-0.03683688174306487
89.5729,0.3,3,0.9188544919434989,-1.3146215352179949,0.014002846283840192,-0.0,0.03478251640634193,-0.03683720199176676
89.5999,0.3,3,0.9188544919434989,-1.3146215352179949,0.008272810716840533,-0.0,0.036028929371239395,-0.036837164245710256
89.6269,0.3,3,0.9188544919434989,-1.3146215352179949,0.015715926554194137,-0.0,0.03433378794017827,-0.03683717925507346
89.6542,0.3,3,0.9173205111556134,-1.3146215352179949,0.015941189166665395,-0.0,0.03444077247952165,-0.03683688047794308
89.6807,0.3,3,0.9188544919434989,-1.3146215352179949,0.012027756209936596,-0.0,0.03526254414960182,-0.03683718720193227
89.7077,0.3,3,0.9188544919434989,-1.3146215352179949,0.018820715526844077,-0.0,0.03346856043624735,-0.036837158274159044
89.7347,0.3,3,0.9173205111556134,-1.3146215352179949,0.016147326353354575,-0.0,0.03438473370850445,-0.036836870668898694
89.7617,0.3,3,0.9173205111556134,-1.3146215352179949,0.006624869952024985,-0.0,0.036459302901162186,-0.03683688862867365
89.7890,0.3,3,0.9188544919434989,-1.3146215352179949,0.0099889151685976,-0.0,0.035705550414876136,-0.03683719627257087
89.8158,0.3,3,0.9173205111556134,-1.3146215352179949,0.012708258883214193,-0.0,0.035270016238973814,-0.0368368745335662
89.8427,0.3,3,0.9173205111556134,-1.3146215352179949,0.018581305425897844,-0.0,0.03370480081997327,-0.036836872355851424
89.8691,0.3,3,0.9173205111556134,-1.3146215352179949,0.01807481376208774,-0.0,0.03384880710130839,-0.036836886089398155
89.8961,0.3,3,0.9173205111556134,-1.3146215352179949,0.010193123176045921,-0.0,0.035831827391959906,-0.036836902402600354
89.9231,0.3,3,0.9173205111556134,-1.3146215352179949,0.0124949726651493,-0.0,0.03532087928570352,-0.03683687064055925
89.9501,0.3,3,0.9188544919434989,-1.3146215352179949,0.015808190998589735,-0.0,0.034308862898617634,-0.03683717527617596
89.9771,0.3,3,0.9188544919434989,-1.3146215352179949,0.016974128160590157,-0.0,0.03398959012496183,-0.03683717836864923
90.0041,0.3,3,0.9173205111556134,-1.3146215352179949,0.009266608008732963,-0.0,0.036015420689916415,-0.03683688077574377
90.0311,0.3,3,0.9188544919434989,-1.3146215352179949,0.013016204538670337,-0.0,0.03502797992948602,-0.03683720857842227
90.0581,0.3,3,0.9188544919434989,-1.3146215352179949,0.01973290571905786,-0.0,0.03320669103366335,-0.03683717330823737
90.0851,0.3,3,0.9173205111556134,-1.3146215352179949,0.015927637342747415,-0.0,0.03444463387074824,-0.036836908158958924
90.1121,0.3,3,0.9188544919434989,-1.3146215352179949,0.013281856525890003,-0.0,0.034962837445489316,-0.03683718696292462
90.1391,0.3,3,0.9188544919434989,-1.3146215352179949,0.013986901787176454,-0.0,0.03478633684611899,-0.036837164333018875
90.1661,0.3,3,0.9188544919434989,-1.3146215352179949,0.020108973721745048,-0.0,0.0330983524347456,-0.03683719129624652
90.1931,0.3,3,0.9188544919434989,-1.3146215352179949,0.01879014102267111,-0.0,0.03347736644920392,-0.03683717927036445
90.2201,0.3,3,0.9188544919434989,-1.3146215352179949,0.010712399081012923,-0.0,0.035554988651858785,-0.03683715695357749
90.2471,0.3,3,0.9173205111556134,-1.3146215352179949,0.01397059009479206,-0.0,0.03495850597415913,-0.03683689057753023
90.2741,0.3,3,0.9173205111556134,-1.3146215352179949,0.007284172172462459,-0.0,0.03636025445783571,-0.03683687927928926
90.3011,0.3,3,0.9188544919434989,-1.3146215352179949,0.02206855548203417,-0.0,0.03253109346444842,-0.03683717687035463
90.3281,0.3,3,0.9173205111556134,-1.3146215352179949,0.012448054660077354,-0.0,0.035332005356494445,-0.03683688051463825
90.3551,0.3,3,0.9173205111556134,-1.3146215352179949,0.009378987968762294,-0.0,0.03599402548867014,-0.03683689980796532
90.3821,0.3,3,0.9188544919434989,-1.3146215352179949,0.01232802099336747,-0.0,0.035192458172937396,-0.03683716865895265
90.4091,0.3,3,0.9173205111556134,-1.3146215352179949,0.0184339934766771,-0.0,0.03374689859039971,-0.036836889780699454
90.4361,0.3,3,0.9188544919434989,-1.3146215352179949,0.0049834326139408655,-0.0,0.036501295415577284,-0.03683718870507513
90.4621,0.3,3,0.9188544919434989,-1.3146215352179949,0.01316711477644832,-0.0,0.03499096912683878,-0.03683717898610796
90.4891,0.3,3,0.9188544919434989,-1.3146215352179949,0.016927794324351684,-0.0,0.03400256246802037,-0.03683719750718152
90.5161,0.3,3,0.9173205111556134,-1.3146215352179949,0.016428818675586116,-0.0,0.03430795967646542,-0.03683688810723812
90.5431,0.3,3,0.9173205111556134,-1.3146215352179949,0.01406091673840343,-0.0,0.03493555572924599,-0.03683689410163584
90.5701,0.3,3,0.9173205111556134,-1.3146215352179949,0.011121589986860103,-0.0,0.03563452958714665,-0.03683687914439124
90.5971,0.3,3,0.9188544919434989,-1.3146215352179949,0.011573698457634639,-0.0,0.03536618941109561,-0.036837184178730255
90.6241,0.3,3,0.9173205111556134,-1.3146215352179949,0.018000149103840377,-0.0,0.033869941146216324,-0.03683688505647606
90.6511,0.3,3,0.9173205111556134,-1.3146215352179949,0.015907215157896233,-0.0,0.034449971184283217,-0.03683687501641179
90.6781,0.3,3,0.9188544919434989,-1.3146215352179949,0.00889302185948977,-0.0,0.03591773005794887,-0.036837182849122296
90.7051,0.3,3,0.9173205111556134,-1.3146215352179949,0.018676586290064426,-0.0,0.03367775286400017,-0.036836884183081994
90.7318,0.3,3,0.9173205111556134,-1.3146215352179949,0.009542427334699753,-0.0,0.035962289078579804,-0.036836898865225495
90.7588,0.3,3,0.9188544919434989,-1.3146215352179949,0.011964954269045085,-0.0,0.03527706080509651,-0.0368371841036433
90.7858,0.3,3,0.9188544919434989,-1.3146215352179949,0.021268076563252834,-0.0,0.03276293483729388,-0.036837197002394004
90.8128,0.3,3,0.9188544919434989,-1.3146215352179949,0.005841606229984645,-0.0,0.036398137596800904,-0.03683717783347548
90.8398,0.3,3,0.9188544919434989,-1.3146215352179949,0.01261575397002124,-0.0,0.035124273552236546,-0.036837167726482094
90.8668,0.3,3,0.9188544919434989,-1.3146215352179949,0.017829560899988384,-0.0,0.03375022940026921,-0.036837180463465034
90.8938,0.3,3,0.9188544919434989,-1.3146215352179949,0.010787654201429879,-0.0,0.03553907994173348,-0.036837187612112826
90.9208,0.3,3,0.9188544919434989,-1.3146215352179949,0.011592785880684773,-0.0,0.0353618102065242,-0.0368371650858518
90.9478,0.3,3,0.9173205111556134,-1.3146215352179949,0.00885516419124937,-0.0,0.036092575587922934,-0.03683687720378008
90.9748,0.3,3,0.9173205111556134,-1.3146215352179949,0.00927959499582299,-0.0,0.0360128620869903,-0.03683686388559586
91.0018,0.3,3,0.9188544919434989,-1.3146215352179949,0.020443540775782063,-0.0,0.03300149540490051,-0.03683717371096016
91.0288,0.3,3,0.9173205111556134,-1.3146215352179949,0.01879628189197297,-0.0,0.033643523096592576,-0.03683688522627477
91.0558,0.3,3,0.9173205111556134,-1.3146215352179949,0.009703499400737623,-0.0,0.0359304461008674,-0.03683686923277991
91.0828,0.3,3,0.9173205111556134,-1.3146215352179949,0.014995765359101782,-0.0,0.03469354782046874,-0.03683690986407285
91.1098,0.3,3,0.9188544919434989,-1.3146215352179949,0.015534740033842443,-0.0,0.03438244235085582,-0.0368371859263778
91.1368,0.3,3,0.9188544919434989,-1.3146215352179949,0.01876619123444672,-0.0,0.033484306495796465,-0.03683718955856591
91.1638,0.3,3,0.9173205111556134,-1.3146215352179949,0.013122219892462449,-0.0,0.035169837963014886,-0.036836875562887936
91.1908,0.3,3,0.9173205111556134,-1.3146215352179949,0.0050838168475033285,-0.0,0.036657875103722676,-0.0368368938787569
91.2178,0.3,3,0.9188544919434989,-1.3146215352179949,0.009322881754871075,-0.0,0.035836795750064286,-0.036837181881189576
