time_s,type,k_index,k_ring,cycle,q_0,q_1,q_2,q_3,q_4,q_5,q_6,q_7,q_8,q_9,q_10,q_11,q_12,q_13,q_14,qdot_0,qdot_1,qdot_2,qdot_3,qdot_4,qdot_5,qdot_6,qdot_7,qdot_8,qdot_9,qdot_10,qdot_11,qdot_12,qdot_13,qdot_14,tau_0,tau_1,tau_2,tau_3,tau_4,tau_5,tau_6,tau_7,tau_8,tau_9,tau_10,tau_11,tau_12,tau_13,tau_14,note,velocity
25.1306,state,5.0,5.0,1,0.08436894333371046,-0.010737865515199467,0.0,0.0,0.0,0.0,0.0,2.0754760060092723,0.4617282171535782,0.0,0.0,2.077009986797158,0.8620972027917304,0.0,0.0,0.020216311376581163,-6.633086542103499e-87,1.8750901681828554e-148,0.02398082392240207,0.0,0.02398082392240207,0.02398082392240207,0.010729579178810546,0.01654247314821601,0.02398082392240207,0.02398082392240207,-9.614406246423708e-85,0.023980823922402104,0.02398082392240207,0.0,0.6444124082392814,-1.2318812642685923,-0.0030475363954913055,-0.00039425677969464847,-0.0011777111899247592,-0.0005301035182443833,-5.980908053035133e-05,0.03998642868398194,0.06787103685580545,-0.0027420075624071017,-0.0019615236664877233,0.039446068941024495,0.052505486860627906,-0.001538071079618146,-0.0006829083014739118,,
25.1638,state,5.0,5.0,1,0.08436894333371046,-0.010737865515199467,0.0,0.0,0.0,0.0,0.0,2.0754760060092723,0.4617282171535782,0.0,0.0,2.077009986797158,0.8620972027917304,0.0,0.0,0.022799479996409737,-2.0815328416940566e-87,5.884231633999603e-149,0.02398082392240207,0.0,0.02398082392240207,0.02398082392240207,0.015441205516330277,0.021646590632028243,0.02398082392240207,0.02398082392240207,-3.017102555241644e-85,0.023980823922402104,0.02398082392240207,0.0,0.6438726904425499,-1.2321203068824471,-0.003047724126835568,-0.0003928563677237184,-0.0011775115030915283,-0.0005300667940612192,-5.992066251440969e-05,0.039969963772455874,0.06782821266196078,-0.002742445010327369,-0.00196173696943151,0.0394431520539154,0.052504237934664695,-0.0015381561475771932,-0.0006829724862809474,,
25.1972,state,5.0,5.0,1,0.08897088569736712,-0.016873788666742273,0.0,0.0,0.0,0.0,0.0,2.077009986797158,0.4617282171535782,0.0,0.0,2.077009986797158,0.8620972027917304,0.0,0.0,0.023610105680799128,-0.0023980823922402092,1.8465342365970507e-149,0.02398082392240207,0.0,0.02398082392240207,0.02398082392240207,0.007497564589722758,0.02324831678213675,0.02398082392240207,0.02398082392240207,-9.46798751325043e-86,0.023980823922402104,0.02398082392240207,0.0,0.6357389672816085,-1.21171518590709,-0.003046210896590209,-0.0004026718094035416,-0.001178805071855468,-0.000530313736775379,-6.095312083614064e-05,0.03985048736777645,0.06777801884940372,-0.002739043315438895,-0.0019600895268782398,0.03938372507761626,0.052482669628593055,-0.001537108110354257,-0.0006822563133426326,,
25.2201,midi,5.0,5.0,1,,,,,,,,,,,,,,,,,,,,,,,,,,,,,,,,,,,,,,,,,,,,,,77,21
25.2216,midi,5.0,5.0,1,,,,,,,,,,,,,,,,,,,,,,,,,,,,,,,,,,,,,,,,,,,,,,72,25
25.2309,state,5.0,5.0,1,0.09817477042468091,-0.0398835004850269,0.0,0.0,0.0,0.0,0.0,2.077009986797158,0.4617282171535782,0.0,0.0,2.077009986797158,0.8620972027917304,0.0,0.0,0.12877941293437892,-0.1523042852599503,5.794620094871137e-150,0.02398082392240207,0.0,0.02398082392240207,0.02398082392240207,0.023276781781352923,0.023750955420075236,0.02398082392240207,0.02398082392240207,-2.971154805305794e-86,0.023980823922402104,0.02398082392240207,0.0,0.6396944652370927,-1.0966168896817807,-0.0030415689173257324,-0.0004316520465816086,-0.0011825853859739018,-0.0005310283154358798,-6.904628820346537e-05,0.039396339528073726,0.06755526814530868,-0.0027289855934539446,-0.001955227447739768,0.03904141708600842,0.05234886696515102,-0.0015342242377485485,-0.0006802744076487946,,
25.2640,state,5.0,5.0,1,0.11658253987930887,-0.08743690490948187,0.0,0.0,0.0,0.0,0.0,2.077009986797158,0.4617282171535782,-0.001533980787885646,0.0,2.077009986797158,0.8620972027917304,0.0,0.0,0.26354067161924405,-0.5799627965524021,1.8184131860866044e-150,0.02398082392240207,0.0,0.02398082392240207,0.02398082392240207,0.02096236632088762,0.023908688750664583,0.02398082392240207,0.02398082392240207,-9.323798605286794e-87,0.023980823922402104,0.02398082392240207,0.0,0.6785356146270627,-0.8261621450352988,-0.0030314181371866146,-0.0004868148586617996,-0.0011892887074480812,-0.0005322980746930477,-8.92473922801176e-05,0.03853075537628044,0.06710507649590979,-0.0025262556318399196,-0.00194579077727602,0.03833444472411127,0.052074254077460226,-0.001528112561571271,-0.0006761685991120178,,
25.2955,state,5.0,5.0,1,0.150330117212793,-0.1533980787885644,0.0,0.0,0.0,0.0,0.0,2.077009986797158,0.4632621979414636,-0.003067961575771292,0.0,2.077009986797158,0.8651651643675017,0.0015339807878848133,0.0,0.5354742048805996,-1.2284434747710726,5.706373258637534e-151,0.02398082392240207,0.0,0.02398082392240207,0.02398082392240207,0.010522729762327118,0.023958187141160086,-0.02295751216345705,0.02398082392240207,-2.9259067981481594e-87,0.03222782926931618,0.02398082392240207,0.0,0.6781830608635144,-0.4693781958543101,-0.003011216548725891,-0.0005761491138195089,-0.0011987271369575982,-0.0005340965009623636,-0.00011730976634442657,0.03721428772174988,0.06636561042852322,-0.0018409743714800464,-0.0019289813458059097,0.03726088835199927,0.05149167043295438,-0.0015159811785591347,-0.000668288744797243,,
25.3261,state,5.0,5.0,1,0.20708740636456172,-0.25770877236478806,0.0,0.0,0.0,0.0,0.0,2.0754760060092723,0.4632621979414636,-0.003067961575771292,0.0,2.077009986797158,0.8774370106705869,0.0015339807878848133,0.0,0.9565809986592165,-1.9252774297185997,1.98968932645009e-151,0.02398082392240207,0.0,0.02398082392240207,0.02398082392240207,0.009238786029029038,0.036483801145701086,-0.02486650106966404,0.02398082392240207,-1.0202006182562861e-87,0.0946984675885937,0.03524060708518628,0.0,0.6303746671253483,0.020999926510269842,-0.002969867628985625,-0.0007169599150404263,-0.0012100566613598364,-0.0005362763706349676,-0.00015130683626306195,0.03547181637790036,0.06536540776731556,-0.0017571524246941068,-0.0018985732849536477,0.03583168199750898,0.050061244790736245,-0.0016050026619395077,-0.000653862848274654,,
25.3568,state,5.0,5.0,1,0.2776505226073009,-0.3635534467288971,0.0,0.0,0.0,0.0,0.0,2.077009986797158,0.4632621979414636,0.0,0.0,2.077009986797158,0.9019807032767572,0.0015339807878848133,0.0,1.4885643723341557,-2.7376397245692075,6.937617706302373e-152,0.02398082392240207,0.0,0.02398082392240207,0.02398082392240207,0.018840593145845682,0.032723139285797176,-0.001715973866218834,0.02398082392240207,-3.5572196016265746e-88,0.3213778945473245,0.029868229641267684,0.0,0.5038226025152672,0.4957296857622216,-0.0029109649630681784,-0.000870010527991724,-0.001217141910530508,-0.0005376860739991805,-0.00018595094278951022,0.033403271706678304,0.06441389254310707,-0.002269283079959473,-0.0018595929984263375,0.034276806863990095,0.046939327447777485,-0.0015199778487146437,-0.000634630578549874,,
25.3875,state,5.0,5.0,1,0.3543495620015833,-0.4632621979414636,0.0,0.0,0.0,0.0,0.0,2.077009986797158,0.46479617872934936,0.0,0.0,2.077009986797158,0.9311263382465842,0.0015339807878848133,0.0,2.052534505955876,-3.267942790554006,2.1770979478592875e-152,0.02398082392240207,0.014690161391762178,0.02398082392240207,0.02398082392240207,0.020619562974427654,0.026724255117795866,0.05749245974324784,0.02398082392240207,-1.1162932036094682e-88,0.6605945871846751,0.025828354220462976,0.0,0.29788321563421816,0.864389330382626,-0.002837861078697242,-0.0010206660199050543,-0.0014436599645201095,-0.0005380328839207007,-0.00020948514216302807,0.031723280792051584,0.06360366964717756,-0.002763798559713024,-0.0018164466418540872,0.03296595729466237,0.04295259467992272,-0.0014416560904273491,-0.0006119342157396431,,
25.4185,state,5.0,5.0,1,0.42184471666855144,-0.5077476407901472,0.0,0.0,0.0,0.0,0.0,2.077009986797158,0.4632621979414636,0.0,0.0,2.077009986797158,0.9618059540042968,0.0015339807878848133,0.0,2.3442251008426456,-3.1344971092064666,7.591071164044877e-153,0.02398082392240207,0.006051208811960876,0.02398082392240207,0.02398082392240207,0.010899161207212025,0.02493739923213367,0.03659467507867787,0.02398082392240207,-3.892273729287812e-89,0.8888040308467073,0.02462501790476744,0.0,-0.00604663174696362,0.869205442774153,-0.0027799834991122053,-0.001119943638123893,-0.0013083943500722737,-0.0005376009849911529,-0.0002054929198833345,0.031153852267901645,0.06341590655561684,-0.0024850659858092136,-0.0017842942767703532,0.03249617251087438,0.04008429716592506,-0.0013991759301127033,-0.0005940446485898094,,
25.4491,state,5.0,5.0,1,0.48627190975974827,-0.5000777368507191,0.0,0.0,0.0015339807878857015,0.0,0.0,2.077009986797158,0.4632621979414636,0.0,0.0,2.077009986797158,0.9848156658225815,0.0015339807878848133,0.0,2.3668982718549048,-1.9093180734417328,2.6468428521672597e-153,0.02398082392240207,0.0021099260492738925,0.02398082392240207,0.02398082392240207,0.009796055031706837,0.020050496275280223,0.02837900186722591,0.02398082392240207,-1.357151932370284e-89,0.9406956205608336,0.024205440475295045,0.0,-0.4711269505507301,0.42749487603194664,-0.0027423896368309365,-0.0011759554388222583,-0.0012445140847181927,-0.0005370437747296026,-0.0001623790855892144,0.031942554112325015,0.0638913086880621,-0.002358366406451748,-0.0017639933512632253,0.032986042739547604,0.03917049545754819,-0.0013739452309068352,-0.00058179458684079,,
25.4795,state,5.0,5.0,1,0.48933987133551965,-0.4709321018808922,0.0,0.0,0.0,0.0,0.0,2.077009986797158,0.4632621979414636,0.0,0.0,2.077009986797158,0.9894176081862386,0.0015339807878848133,0.0,1.9622373193900777,-0.5003207004054657,9.228970368835152e-154,0.02398082392240207,0.01324655590445851,0.02398082392240207,0.02398082392240207,0.01209376768145111,0.016111600126350767,0.02551437374748548,0.02398082392240207,-4.732096187575715e-90,0.763169310431453,0.024059142871685445,0.0,-0.6094588108332375,0.03291718666883041,-0.0027538683653586292,-0.0011567484530655588,-0.0014156815886809684,-0.0005371420315044371,-0.00011829226449265599,0.03354387153796753,0.06474649494725855,-0.002343436260885407,-0.0017701202706632293,0.034127541528538204,0.04077844206613177,-0.0013775610424756582,-0.0005847411491544933,,
25.5096,state,5.0,5.0,1,0.45405831321414986,-0.42031073588066575,0.0,0.0,0.0,0.0,0.0,2.077009986797158,0.4632621979414636,0.0,0.0,2.077009986797158,0.9894176081862386,0.0015339807878848133,0.0,0.7947064564714441,0.4856051231895956,3.217942991934564e-154,0.02398082392240207,0.018821972422496287,0.02398082392240207,0.02398082392240207,0.0068941043671072715,0.00561776759957095,0.024515539683227797,0.02398082392240207,-1.6499799170870574e-90,0.39989804035469856,0.024008132051468473,0.0,-0.4179822933647634,-0.22367952017255896,-0.0027965894174446313,-0.0010871186946790532,-0.0015038567374416625,-0.0005375988376897491,-8.539623120774904e-05,0.035593671157056694,0.06584551569875391,-0.0023846463307156908,-0.0017932528030320857,0.03583064869127057,0.044096330650188864,-0.0013985884120924377,-0.0005973012710790827,,
25.5395,state,5.0,5.0,1,0.3880971393350674,-0.3543495620015833,0.0,0.0,0.0,0.0,0.0,2.077009986797158,0.4632621979414636,0.0,0.0,2.077009986797158,0.9894176081862386,0.0015339807878848133,0.0,-0.45189834305628157,1.2747113567443917,1.1220273427584707e-154,0.02398082392240207,0.006562815983881225,0.02398082392240207,0.02398082392240207,0.01709398694837174,0.001958794443462721,0.02416726777978368,0.02398082392240207,-5.753124236862427e-91,0.15598411880781332,0.023990345678247007,0.0,-0.0745003723845652,-0.436301299163102,-0.0028589716128572043,-0.0009740432931541858,-0.0013177731480947805,-0.0005378527717756282,-5.8715348895657424e-05,0.03772299963783716,0.06693301242557471,-0.002458593011603353,-0.0018284427385779575,0.037609877212677535,0.046483892717166596,-0.0014308711674271078,-0.0006164072088121427,,
25.5691,state,5.0,5.0,1,0.29452431127404316,-0.2868544073346151,0.0,0.0,0.0,0.0,0.0,2.0754760060092723,0.4632621979414636,0.0,0.0,2.077009986797158,0.9894176081862386,0.0015339807878848133,0.0,-1.5956843602047006,1.8556901999574726,3.912267436225716e-155,0.02398082392240207,0.0022883124399230527,0.02398082392240207,0.02398082392240207,0.019831330285131076,0.0006829893910231294,0.024045832875760127,0.02398082392240207,-2.0059903846106946e-91,0.07000752687110763,0.023984143953377106,0.009820387204462882,0.40630038386626693,-0.555869808808199,-0.0029260676293637418,-0.00083016410261021,-0.0012500910650990584,-0.0005373223434508067,-4.0643178874801876e-05,0.03989630814339144,0.06798199457370553,-0.002545811519013968,-0.0018689693232575113,0.039299193499063724,0.04761437110620513,-0.0014673534916535688,-0.001009679924730495,,
25.5985,state,5.0,5.0,1,0.19634954084936226,-0.2224272142434183,0.0,0.0,0.0015339807878857015,0.0,-0.0015339807878857015,2.077009986797158,0.4632621979414636,0.0,0.0,2.077009986797158,0.9894176081862386,0.0015339807878848133,0.0,-2.5579925971039312,2.1310393502652016,1.3641233069172093e-155,0.02398082392240207,0.003195967604254004,0.02398082392240207,0.011177462030231605,0.008449732915333427,0.002636226067707003,0.024003491142851503,0.02398082392240207,-6.994455981616562e-92,0.040029342909502816,0.02398198154562354,0.019043384936456288,0.9124550463414437,-0.6040337449489365,-0.002982684679695105,-0.000677009515143314,-0.0012562999097880377,-0.0005357430688311638,-2.5088060975423923e-05,0.04169803392490041,0.06887067961506645,-0.00262697309724352,-0.0019067944508639433,0.04074742197623266,0.048251388690352476,-0.0014997036600371523,-0.0013783038659039614,,
25.6277,state,5.0,5.0,1,0.1043106935762237,-0.1533980787885644,0.0,0.0,0.0,0.0,-0.0015339807878857015,2.077009986797158,0.4632621979414636,0.0,0.0,2.077009986797158,0.9894176081862386,0.0015339807878848133,0.0,-3.152784311890491,2.309894468352198,4.756403867599462e-156,0.02398082392240207,0.02111638941225695,0.02398082392240207,-0.007165531074591634,0.014182670568436887,0.016538422837865205,0.02398872749346979,0.02398082392240207,-2.4388160010181776e-92,0.029576596488739604,0.023981227560661164,0.022259245398693582,1.3132557420928037,-0.7058715421896616,-0.0030238581223151467,-0.0005268273981585434,-0.001517936464967251,-0.0005331909015982923,-1.229909438807735e-05,0.04325018373919597,0.06953750478073543,-0.0026946916659415436,-0.0019387359826648432,0.041943029168929155,0.0486776398324129,-0.0015249324687262064,-0.0015158632189000488,,
25.6571,state,5.0,5.0,1,0.0352815581213698,-0.102776712788338,0.0,0.0,0.0,0.0,-0.0015339807878857015,2.077009986797158,0.4632621979414636,0.003067961575771292,0.0,2.077009986797158,0.9894176081862386,0.0015339807878848133,0.0,-3.035141481956654,2.2356026970151115,1.6584554810401878e-156,0.02398082392240207,0.002493055533510615,0.02398082392240207,-0.0024984661975766876,0.020564419095080926,0.021385819121647227,0.03223058507414728,0.02398082392240207,-8.503625589259383e-93,0.025931949171987028,0.023980964662360632,0.02338054660824574,1.5250064554089557,-0.7881095772105232,-0.003045994140545843,-0.00041459664236153027,-0.001219531719740708,-0.0005306931941203188,-1.117371854049865e-05,0.043847286480658124,0.06979909614970731,-0.002818917039902481,-0.001958953880269348,0.042378666576948304,0.048813926298678874,-0.0015399861986822338,-0.0015681595906481198,,
25.6865,state,5.0,5.0,2,0.016873788666742273,-0.0705631162427396,0.0,0.0,0.0,0.0,-0.0015339807878857015,2.077009986797158,0.4632621979414636,0.006135923151542528,0.0,2.077009986797158,0.9894176081862386,0.0015339807878848133,0.0,-2.4722426460056495,1.9045118944970312,6.4251963344932e-157,0.02398082392240207,0.0009658607938968387,0.02398082392240207,-0.0009679569960151311,0.01810088214832297,0.00828530450177412,0.06803584754960233,0.02398082392240207,-3.294478784063784e-93,0.024736729820696534,0.023980878447945646,0.023748264191816026,1.4580592372514662,-0.8949528915713598,-0.0030525353157285036,-0.00037002426880220596,-0.0011901020309937583,-0.0005295510656621779,-1.448761516286131e-05,0.043464050800292205,0.06969614344250051,-0.003189068516494729,-0.001965764216882754,0.042047656413493895,0.04868255913309225,-0.0015443762581527204,-0.0015851073604689842,,
25.7150,state,5.0,5.0,2,0.02761165418194174,-0.05829126993965444,0.0,0.0,0.0,0.0,-0.0015339807878857015,2.077009986797158,0.4632621979414636,0.006135923151542528,0.0,2.077009986797158,0.9894176081862386,0.0015339807878848133,0.0,-1.2848345568633897,1.3671342299063922,2.240327435247327e-157,0.02398082392240207,0.00033677483496969736,0.02398082392240207,-0.0003375057354544379,0.008709469744151401,0.01270929425389499,0.08380146138154122,0.02398082392240207,-1.1487137233699053e-93,0.024244392011881787,0.02398084293428356,0.023899735358311264,1.1862217234167385,-0.9913436418316975,-0.003052240957987164,-0.0003702262855854108,-0.001180327584143598,-0.000529543761860328,-2.3374335874602077e-05,0.04209832953658126,0.06895349058998437,-0.003345266987711426,-0.0019654858429828843,0.04094225172261918,0.04827770608249587,-0.0015435724614575102,-0.0015903584644882847,,
25.7435,state,5.0,5.0,2,0.04908738521234067,-0.05829126993965444,0.0,0.0,0.0,0.0,-0.0015339807878857015,2.077009986797158,0.46479617872934936,0.007669903939428174,0.0,2.077009986797158,0.9894176081862386,0.0015339807878848133,0.0,-0.2017348722432757,0.767778026977441,7.811538754352719e-158,0.02398082392240207,0.00011742612412216908,0.02398082392240207,0.014572480418399123,0.014099675424058631,0.020050684540046163,0.05659400954392381,0.02398082392240207,-4.005317091860816e-94,0.024072724432702006,0.023980830551435264,0.023952550088364954,0.9168029567096193,-1.0293417854338007,-0.003048890469867954,-0.00039158133323154745,-0.0011796954697094624,-0.0005300830574064266,-3.99665086461158e-05,0.040585748298297405,0.06807048239008068,-0.0030662696272125457,-0.0019614263536792526,0.03975683382224845,0.04784873260052801,-0.0015405629239201172,-0.0015903603494030532,,
25.7790,state,5.0,5.0,2,0.08436894333371046,-0.0720970970306253,0.0,0.0,0.0,0.0,-0.0015339807878857015,2.077009986797158,0.4632621979414636,0.007669903939428174,0.0,2.077009986797158,0.9894176081862386,0.0015339807878848133,0.0,0.42847678998344946,0.2523171543272314,2.723715147648404e-158,0.02398082392240207,4.09439577859069e-05,0.02398082392240207,0.020700337385501366,0.018574118387801476,0.01768504762776448,0.049010204166630426,0.02398082392240207,-1.3965677156958975e-94,0.024012867648977865,0.023980826233803036,0.023970965446054378,0.6936761359370459,-1.004571763054153,-0.0030403988560141516,-0.0004415000864561724,-0.0011847431131051995,-0.0005312901273342593,-5.530411233112121e-05,0.03935363541855323,0.06752072746201068,-0.002972359416172777,-0.0019525274507062472,0.03879123018659777,0.047511928198212074,-0.0015341606960997906,-0.0015867944797638847,,
25.7848,midi,5.0,5.0,2,,,,,,,,,,,,,,,,,,,,,,,,,,,,,,,,,,,,,,,,,,,,,,77,30
25.8067,midi,5.0,5.0,2,,,,,,,,,,,,,,,,,,,,,,,,,,,,,,,,,,,,,,,,,,,,,,72,8
25.8121,state,5.0,5.0,2,0.12118448224296555,-0.09970875121256705,0.0,0.0,0.0,0.0,-0.0015339807878857015,2.077009986797158,0.4632621979414636,0.00920388472731382,0.0,2.077009986797158,0.9894176081862386,0.0015339807878848133,0.0,0.834420609527917,-0.24560219147577833,7.692576066566178e-159,0.02398082392240207,1.1563783019171321e-05,0.02398082392240207,0.023054317630353056,0.02245381058437558,0.006269219108768463,0.03356762972898962,0.02398082392240207,-3.944319726083214e-95,0.02398987401724601,0.02398082457520999,0.023978039597496795,0.5405494486307814,-0.894776991985339,-0.0030283138987267106,-0.0005022071544003813,-0.0011912410434525096,-0.0005326330686708471,-7.29377335646717e-05,0.038231446909727074,0.06703910401921905,-0.002794359491307836,-0.0019408643243091048,0.03791888744569502,0.047217237628080784,-0.0015260153940630393,-0.00158171796094333,,
25.8424,state,5.0,5.0,2,0.16260196351587816,-0.1365242901218221,0.0,0.0,0.0,0.0,-0.0015339807878857015,2.077009986797158,0.4632621979414636,0.00920388472731382,0.0,2.077009986797158,0.9894176081862386,0.0015339807878848133,0.0,1.0292297046862067,-0.6574647155840655,2.4140118809168006e-159,0.02398082392240207,3.628837642301574e-06,0.02398082392240207,0.023690076430613046,0.02350163095655861,0.0128200304267421,0.042608492811992554,0.02398082392240207,-1.2377693244117195e-95,0.02398366393805973,0.02398082412726012,0.023979950171743848,0.4207724631335781,-0.7464093344112155,-0.003011403812187163,-0.0005736237942578133,-0.0011983033370357452,-0.000534025967856584,-8.947769352181707e-05,0.03727553518157168,0.0665058967829702,-0.002854045835673845,-0.0019265447887771682,0.03719071491770444,0.04698681640186374,-0.0015153627265747547,-0.0015749438920349247,,
25.8689,midi,5.0,5.0,2,,,,,,,,,,,,,,,,,,,,,,,,,,,,,,,,,,,,,,,,,,,,,,81,20
25.8740,state,5.0,5.0,2,0.21015536794033268,-0.1902136176978199,0.0,0.0,0.0,0.0,0.0,2.077009986797158,0.4632621979414636,0.00920388472731382,0.0,2.077009986797158,0.9909515889741242,0.0015339807878848133,0.0,1.2762428437981603,-1.0620904188317855,8.417138970209373e-160,0.02398082392240207,1.265297448493875e-06,0.02398082392240207,0.0351158774167589,0.02381373966656489,0.014240372901383275,0.0304758904535238,0.02398082392240207,-4.315834772395092e-96,0.023981814174631452,0.023980823993831668,0.023980519264385533,0.30092419608329046,-0.5333216750718198,-0.0029848645777108347,-0.0006673629638221097,-0.0012061177446178934,-0.0005355509483798238,-0.00011465197263280962,0.036173942591936244,0.06594274823252218,-0.002690212007933279,-0.0019062845554750673,0.036356939637522644,0.046680494584537525,-0.001499857506345071,-0.0015651991909682755,,
25.9091,state,5.0,5.0,2,0.28071848418307227,-0.2837864457588437,0.0,0.0,0.0,0.0,0.0,2.077009986797158,0.4632621979414636,0.00920388472731382,0.0,2.077009986797158,0.9909515889741242,0.0030679615757705147,0.0,1.5368851428689103,-1.6530000354778518,2.6413873976137737e-160,0.02398082392240207,3.9706374654301913e-07,0.02398082392240207,0.0326940780932872,0.023928391112480563,0.006627054061743159,0.026019044622177603,0.02398082392240207,-1.354354682551254e-96,0.03548072607605269,0.023980823944817452,0.02398072831748831,0.17787420462749937,-0.13833113529219337,-0.0029334129124718045,-0.0008126203618645132,-0.001214457696530557,-0.0005371986718567191,-0.00014247863226701755,0.03460954956949832,0.06522844761928451,-0.002570407997349797,-0.0018712586425040272,0.03520838654708691,0.046279268885917414,-0.0014711160408941478,-0.0015475635792634493,,
25.9481,state,5.0,5.0,2,0.3758252930319822,-0.39269908169872453,0.0,0.0,0.0015339807878857015,0.0,0.0,2.077009986797158,0.4632621979414636,0.00920388472731382,0.0,2.077009986797158,0.9909515889741242,0.0030679615757705147,0.0,1.917008680373853,-2.371904866598244,7.460058183748132e-161,0.02398082392240207,0.0069545510800264965,0.02398082392240207,0.026441704259126307,0.023966015348199553,0.017490903451718817,0.024556477649885666,0.02398082392240207,-3.8250976522382264e-97,0.029746505503037902,0.03763868948375726,0.023980796920750603,-0.04449673528841068,0.2866262387283167,-0.0028524975446765246,-0.0009890235074961956,-0.0013244205773038488,-0.0005379426871513644,-0.00017064783164045876,0.03273457241543663,0.06423949541791336,-0.0024483458585679847,-0.0018219921568435964,0.0338885637538484,0.0460112273387589,-0.0015638650402168628,-0.0015217965517493408,,
25.9808,state,5.0,5.0,2,0.45099035163837853,-0.4816699673960916,0.0,0.0,0.0,0.0,0.0015339807878857015,2.077009986797158,0.4632621979414636,0.00920388472731382,0.0,2.077009986797158,0.9909515889741242,0.0030679615757705147,0.0,2.243400185408306,-2.676466612504894,2.106940774957276e-161,0.02398082392240207,0.027483146837885334,0.02398082392240207,0.029232205760494717,0.02397664154365412,0.01030553846246962,0.024143405537828833,0.02398082392240207,-1.0803205569162038e-97,0.0256092226987181,0.029426911854954874,0.023980816296338178,-0.24231588971815893,0.5825766159426797,-0.0027735013871315085,-0.0011279234976485008,-0.0016358982854188494,-0.0005374529739534115,-0.0001857026426986666,0.03154566817006785,0.06374580571120353,-0.002346806668850524,-0.0017777883637047007,0.03305934002714818,0.045905019724262384,-0.0014416331432882056,-0.0014979905025113856,,
26.0131,state,5.0,5.0,2,0.5092816215780329,-0.51388356394169,0.0,0.0,0.0,0.0,0.0015339807878857015,2.077009986797158,0.4632621979414636,0.00920388472731382,0.0,2.077009986797158,0.9909515889741242,0.0030679615757705147,0.0,2.3003150725657355,-2.542224061309702,6.611803405156695e-162,0.02398082392240207,-0.004596642560960163,0.02398082392240207,0.03558534717692294,0.023979511447634116,0.014783835686235716,0.024031843756052433,0.02398082392240207,-3.390160379341548e-98,0.024491832713070042,0.021133507477618645,0.023980821529262425,-0.4829806058629344,0.5697328956054473,-0.0027210986026780255,-0.0012070374009913376,-0.00113951597988189,-0.000536676834092378,-0.00018088109797009894,0.031269902206711477,0.06361085228865995,-0.0022834875771715604,-0.001749740935275335,0.03288795026560921,0.045966810982396134,-0.0013318494290269498,-0.0014821378607075657,,
26.0461,state,5.0,5.0,2,0.5016117176386049,-0.5000777368507191,0.0,0.0,0.0,0.0,0.0015339807878857015,2.077009986797158,0.4632621979414636,0.00920388472731382,0.0,2.077009986797158,0.9909515889741242,0.0030679615757705147,0.0,1.6984538277472696,-1.3405604278972332,2.0748539678021153e-162,0.02398082392240207,0.008377912062395307,0.02398082392240207,0.027622446282243543,0.017481608770941834,0.0019488413127857946,0.023996834486812314,0.02398082392240207,-1.0638682494818719e-98,0.016718879083386165,0.011188275124280379,0.023980823171409503,-0.4704015415379527,0.33912020968795115,-0.00273288514898573,-0.001189376211105884,-0.0013394452942218332,-0.0005368589651669397,-0.00014495552185697153,0.03284587960424335,0.06451126244291348,-0.0022969521009663756,-0.0017559615885658192,0.03399609454090474,0.046417080996113684,-0.0012387497731903472,-0.0014855047994420923,,
26.0784,state,5.0,5.0,2,0.47093210188089174,-0.466330159517235,0.0,0.0,0.0,0.0,0.0015339807878857015,2.077009986797158,0.4632621979414636,0.00920388472731382,0.0,2.077009986797158,0.9909515889741242,0.0030679615757705147,0.0,0.3642904221027203,-0.053141028901120095,6.511111604356835e-163,0.02398082392240207,0.009264077646410752,0.02398082392240207,0.021802019684386695,0.011984717351992398,0.009431788433263776,0.023985848207163398,0.02398082392240207,-3.3385312953113123e-99,0.005246561411114047,0.019966386558553106,0.023980823686732655,-0.2549238358686231,0.11423502093039137,-0.0027672711751931508,-0.0011363635229501466,-0.0013558000436599612,-0.0005373333429493621,-0.0001056565173916881,0.03518206513482498,0.0656283806745484,-0.0023376676125807126,-0.0017743763505223302,0.03580684399688411,0.04710421101802007,-0.0013435005059397218,-0.0014956397252089753,,
26.1085,state,5.0,5.0,2,0.4157087935170086,-0.411106851153352,0.0,0.0,0.0,0.0,0.0015339807878857015,2.077009986797158,0.4632621979414636,0.00920388472731382,0.0,2.077009986797158,0.9909515889741242,0.0030679615757705147,0.0,-0.6036409324261724,0.7809530869234438,2.27028423752415e-163,0.02398082392240207,0.003230184142715781,0.02398082392240207,0.023221121859407612,0.009977652991695401,0.007671458046833004,0.023982575782175282,0.02398082392240207,-1.1640738842741813e-99,0.0018293628487161015,0.022581076164496068,0.02398082384022924,0.00208465345002342,-0.10413770417372128,-0.002822682929717809,-0.0010431657058567064,-0.0012663118352749159,-0.0005378181502033695,-7.977456251302146e-05,0.03706236357673201,0.06656647876587202,-0.002405216338902027,-0.0018049788245826815,0.037244446572873895,0.04754342299996747,-0.0013980923809330111,-0.0015123621768340185,,
26.1384,state,5.0,5.0,2,0.3482136388500405,-0.3436116964863838,0.0,0.0,0.0,0.0,-0.0015339807878857015,2.077009986797158,0.4632621979414636,0.00920388472731382,0.0,2.077009986797158,0.9909515889741242,0.0030679615757705147,0.0,-1.3794124728529595,1.5068785546088803,7.91599166523539e-164,0.02398082392240207,0.0011262955681178946,0.015733818575488,-0.002248180209202479,0.013299379685466333,0.015185742205933654,0.023981434758135075,0.02398082392240207,-4.058874661298695e-100,0.0153280207762294,0.023492762057641947,0.023980823893750187,0.2635911718390225,-0.3511887912506089,-0.002882820428404035,-0.0009272764655403022,-0.0012345420601272393,-0.000431132150736841,-4.470579007397402e-05,0.03885049766099294,0.06738821598125248,-0.002481822348878595,-0.0018398883327159056,0.038594436109154806,0.04780875067455061,-0.0014388036635334237,-0.001531082861818046,,
26.1700,state,5.0,5.0,2,0.256174791576902,-0.25770877236478806,0.0,0.0,0.0015339807878857015,-0.0015339807878854794,-0.003067961575771403,2.077009986797158,0.4632621979414636,0.00920388472731382,0.0,2.077009986797158,0.9909515889741242,0.0030679615757705147,0.0,-2.0012772794998854,2.021370178673417,2.7601356256788786e-164,0.02398082392240207,0.0003927149817828908,-0.005750387558539241,-0.04114277161991595,0.020256434607852196,0.009677737672695048,0.023981036907652624,0.02398082392240207,-1.415242085463045e-100,0.006273616627140052,0.023810647272725225,0.023980823912411787,0.5942440788632397,-0.6038763532956476,-0.002951492621108654,-0.0007660969213768394,-0.0012184873838627687,8.595404874336184e-05,-1.0922572052775517e-05,0.040622136919239035,0.06829978006345287,-0.002575689694161878,-0.0018830652273253798,0.039934725307747464,0.04822384547080103,-0.0014793378411460283,-0.0015535971981613219,,
26.2010,state,5.0,5.0,2,0.17947575218262,-0.17947575218262,0.0,0.0,0.0,0.0,-0.003067961575771403,2.077009986797158,0.4632621979414636,0.00920388472731382,0.0,2.077009986797158,0.9909515889741242,0.0030679615757705147,0.0,-2.4673390451641635,2.421855812403174,8.6615980598353415e-165,0.02398082392240207,0.022901528039406368,-0.002058400837548466,-0.035176724492853785,0.02281207109153196,0.0030369766278710835,0.023980890759430516,0.02398082392240207,-4.44117962450813e-101,0.0019687273734029557,0.023927420686526393,0.023980823919267032,0.8458800613055345,-0.8480126056147688,-0.002997542195449827,-0.0006262309277963751,-0.001554168614156031,-0.00019810180019428259,6.4948544330815376e-06,0.04216166712548309,0.06911357555145435,-0.0026457257274986237,-0.0019156885737793544,0.041101160551780015,0.04858382527534282,-0.0015068485011355396,-0.001569894998539594,,
26.2307,state,5.0,5.0,2,0.12578642460662262,-0.11965050145508027,0.0,0.0,0.0,0.0,-0.003067961575771403,2.077009986797158,0.4632621979414636,0.010737865515199467,0.0,2.077009986797158,0.9909515889741242,0.0030679615757705147,0.0,-2.426873466059209,2.4931824071038595,3.0201125002765745e-165,0.02398082392240207,0.0009598216901356822,0.015119436772778324,-0.012265365423995724,0.011062434827600507,0.01667815591805242,0.0239808472270329,0.02398082392240207,-1.5485435836773993e-101,0.0006864527895403131,0.02396220336542066,0.02398082392130896,0.956378857757231,-1.0382642027909637,-0.0030238861456916184,-0.0005233372818688445,-0.0012081610054221776,-0.0004184489447898587,1.0745757027951762e-05,0.04288352602442848,0.0693528463499182,-0.0026901237803467434,-0.0019366322224960257,0.04161226525451179,0.04872137697881426,-0.0015230833483904373,-0.0015800191966776156,,
26.2602,state,5.0,5.0,2,0.09203884727313853,-0.08130098175793908,0.0,0.0,0.0,-0.0015339807878854794,-0.003067961575771403,2.077009986797158,0.4632621979414636,0.010737865515199467,0.0,2.077009986797158,0.9909515889741242,0.0030679615757705147,0.0,-1.9934797284643144,2.139319109302041,1.0530481155229471e-165,0.02398082392240207,0.0003346691296906554,0.017674163231619997,0.021649923784723676,0.01636810270026699,0.005815313389251103,0.037638697603248825,0.02398082392240207,-5.399437611834995e-102,0.00023935128785921,0.023974331335640014,0.023980823922020937,0.9805712541395988,-1.1213800834206393,-0.0030372882723592445,-0.0004586161245316985,-0.0011913229198372035,-0.0002119702361910069,-1.6781948777456408e-06,0.04269282762787918,0.0693340267162399,-0.002851672531220834,-0.0019488872810488947,0.04145004279705977,0.048631121439435564,-0.001531789386264911,-0.0015856387860000752,,
26.2892,state,5.0,5.0,3,0.08436894333371046,-0.06442719309119724,0.0,0.0,0.0,-0.0015339807878854794,-0.003067961575771403,2.077009986797158,0.4632621979414636,0.012271846303085114,0.0,2.077009986797158,0.9909515889741242,0.0030679615757705147,0.0,-1.43360272265399,1.60146283743098,4.079724158564288e-166,0.02398082392240207,0.00012965767787795815,0.015525427455721856,0.026180578191395104,0.021031499743901835,0.008101894511625778,0.035123976930281554,0.02398082392240207,-2.091852759902106e-102,9.272959298519494e-05,0.02397830856126385,0.023980823922254424,0.9170346401754662,-1.1352146358949728,-0.003041348443436908,-0.00043567399777973424,-0.0011853329621389704,-0.00018363485175146318,-1.481558359385247e-05,0.04196074639568397,0.06894077441868911,-0.0028344790518987496,-0.001952641762961753,0.040875722432181016,0.0484091762200766,-0.001534321058877109,-0.001587320495250488,,
26.3179,state,5.0,5.0,3,0.08897088569736712,-0.06289321230331153,0.0,0.0,0.0,-0.0015339807878854794,-0.0015339807878857015,2.077009986797158,0.4632621979414636,0.012271846303085114,0.0,2.077009986797158,0.9909515889741242,0.0030679615757705147,0.0,-0.6771731252503943,0.9347148638915631,1.4225118556464808e-166,0.02398082392240207,4.520883686947474e-05,0.017727339944803716,0.0215120294151016,0.02295245816849341,0.01604610119275439,0.0434854287758113,0.02398082392240207,-7.293839572415462e-103,3.233280983318569e-05,0.023979946870204112,0.023980823922350597,0.8021585749814801,-1.0940973918580592,-0.0030408304769893655,-0.00043800636096838995,-0.0011842666076221078,-0.00021216857297548294,-3.571121059457642e-05,0.04080025523430537,0.06828326381448774,-0.0029165786811226673,-0.001952136681088211,0.039961418765884556,0.048071798962499905,-0.0015337908730385136,-0.001586975481474916,,
26.3464,state,5.0,5.0,3,0.1043106935762237,-0.0720970970306253,0.0,0.0,0.0,-0.0015339807878854794,-0.003067961575771403,2.077009986797158,0.4632621979414636,0.012271846303085114,0.0,2.077009986797158,0.9909515889741242,0.0030679615757705147,0.0,-0.08058885002663381,0.3574587774481516,4.959992148505715e-167,0.02398082392240207,0.014705924738480558,0.0061811412390765826,0.007064060557404496,0.02362225495547695,0.009566393783365363,0.031710725370519686,0.02398082392240207,-2.5432046044494756e-103,1.127375369668513e-05,0.0215824357209696,0.023980823922384136,0.6825306619508472,-1.0273641019314657,-0.0030362141150568544,-0.00046266688183816665,-0.0014119412061850565,-6.337145814004309e-05,-4.452118545593921e-05,0.03971416200892517,0.06777504733752891,-0.002790001249824201,-0.0019476019342137322,0.03910585267216793,0.0477652929529232,-0.00150674311615695,-0.0015848605020425156,,
26.3619,midi,5.0,5.0,3,,,,,,,,,,,,,,,,,,,,,,,,,,,,,,,,,,,,,,,,,,,,,,77,25
26.3749,state,5.0,5.0,3,0.12425244381873694,-0.08743690490948187,0.0,0.0,0.0,-0.0015339807878854794,-0.003067961575771403,2.077009986797158,0.4632621979414636,0.012271846303085114,0.0,2.077009986797158,0.9909515889741242,0.0030679615757705147,0.0,0.28398304284318254,-0.04238286367351604,1.921602583610245e-167,0.02398082392240207,0.007876667764270182,0.010586058870212326,0.002715744737600607,0.023841906957895724,0.005885508168408812,0.02697554612135362,0.02398082392240207,-9.852895714828676e-104,4.3676831700353105e-06,0.00836147780082911,0.023980823922395134,0.5840627164546734,-0.9538647355812663,-0.003029383459009878,-0.0004961691226932712,-0.0013110241762999048,-0.0001210834462732489,-5.6295745458045094e-05,0.03888935276881977,0.06738116350811842,-0.0027295768897217156,-0.0019412443531975263,0.03846113361707905,0.04754249003847406,-0.0013706660311359961,-0.001581863621603744,,
26.4050,state,5.0,5.0,3,0.15339807878856393,-0.11658253987930887,0.0,0.0,0.0,0.0,-0.0015339807878857015,2.077009986797158,0.4632621979414636,0.012271846303085114,0.0,2.077009986797158,0.9909515889741242,0.0030679615757705147,0.0,0.588734645934652,-0.41919907158853614,6.700213913453504e-168,0.02398082392240207,0.0027464242292316826,0.011605977448437292,0.006434446142924219,0.023932386571914585,0.013288580683613395,0.02502501898726535,0.02398082392240207,-3.435492308314438e-104,1.5229169545789353e-06,0.01520754603604584,0.023980823922399665,0.48279828777645917,-0.8314376266603217,-0.0030173266723625813,-0.0005492802871473698,-0.0012379316143759363,-0.00037348277644833413,-7.589351636462613e-05,0.03799051678751936,0.0668672903869289,-0.00268809682628629,-0.0019307688660256666,0.037767929335847564,0.04731397379811669,-0.0014311388951730748,-0.0015769408467980039,,
26.4370,state,5.0,5.0,3,0.19481556006147652,-0.16413594430376385,0.0,0.0,0.0,0.0,-0.003067961575771403,2.077009986797158,0.46479617872934936,0.012271846303085114,0.0,2.077009986797158,0.9909515889741242,0.0030679615757705147,0.0,0.8594342413137357,-0.7835636920796305,2.3362201356792846e-168,0.02398082392240207,0.0009576189161013481,0.0321768519382544,0.030394667527594434,0.023963934862591532,0.010958685090189248,0.02434491222877873,0.02398082392240207,-1.1978820990386269e-104,5.310083081244258e-07,0.005302543429597404,0.023980823922401244,0.37042639502501346,-0.6446083073382834,-0.0029962306937695547,-0.0006288648745807702,-0.0012177035854315295,-0.0006409837358432757,-9.369579912298079e-05,0.036959359017704405,0.06630965053181462,-0.002645757819009974,-0.0019140213441614675,0.03698297220061914,0.047071839316017425,-0.0013200141991390457,-0.001568939456075834,,
26.4543,midi,5.0,5.0,3,,,,,,,,,,,,,,,,,,,,,,,,,,,,,,,,,,,,,,,,,,,,,,81,25
26.4674,state,5.0,5.0,3,0.24390294527381676,-0.22702915660707493,0.0,0.0,0.0,0.0,-0.0015339807878857015,2.077009986797158,0.47400006345666335,0.013805827090970758,0.0,2.077009986797158,0.99248556976201,0.0030679615757705147,0.0,1.1824337045145348,-1.2674497726257246,7.331306333749771e-169,0.02398082392240207,0.008547516309802904,0.029350346077186392,0.00941392034528109,0.023975523956475536,0.05960633165373438,0.02649316108309575,0.02398082392240207,-3.75908095544852e-105,0.016319357123467552,0.018119381587018837,0.023980823922401823,0.25810484239643605,-0.37980950278049225,-0.002963634193211029,-0.000731488412690126,-0.0013413531618956048,-0.0006058428601837906,-0.00011424121587387058,0.035672358447898046,0.06496051388608116,-0.0026160237607585116,-0.0018901867101344797,0.03602767821468176,0.046608191748343325,-0.0014291386997600994,-0.0015575346162100966,,
26.4958,state,5.0,5.0,3,0.308330138365014,-0.308330138365014,0.0,0.0,0.0,0.0,-0.003067961575771403,2.077009986797158,0.48627190975974827,0.013805827090970758,0.0,2.077009986797158,0.9940195505498958,0.0030679615757705147,0.0,1.480217327543399,-1.7947057450404524,2.8402982848301337e-169,0.02398082392240207,0.013445287794985094,0.026061086821304955,0.017917371373577424,0.023978770607011143,0.210518955442255,0.03964431620549308,0.02398082392240207,-1.4563449819504529e-105,0.03570277610046379,0.021709981066582607,0.023980823922401986,0.12216795632521046,-0.048668423448013955,-0.0029137731859651675,-0.0008594720359336181,-0.0014221011539191854,-0.0005644329613242048,-0.00013502407056111316,0.03421269468823086,0.06265312117337093,-0.0026761702132606672,-0.0018575657280111568,0.03499230203849741,0.0461316082509706,-0.0014377503737782872,-0.0015410639257658204,,
26.5242,state,5.0,5.0,3,0.37429131224409645,-0.37889325460775364,0.0,0.0,0.0015339807878857015,0.0,-0.004601942363657105,2.077009986797158,0.4954757944870623,0.013805827090970758,0.0,2.077009986797158,0.9986214929135524,0.0030679615757705147,0.0,1.8792966752238094,-2.353718643918093,9.903507753732766e-170,0.02398082392240207,0.015743241803278338,0.013469735868732647,-0.017618831890508876,0.023980107975594536,0.36488023551167814,0.029442345978188653,0.02398082392240207,-5.077960965539466e-106,0.0677270363360289,0.02318902997772272,0.023980823922402052,-0.06566749679571854,0.21987191295230527,-0.002858245780029081,-0.000977319079657402,-0.0014590461934543167,-0.00040195059121450464,-0.0001423553694345642,0.032763474112321785,0.06045117930627637,-0.0025012979392616467,-0.001823981940118338,0.03396972249382964,0.045470765448289964,-0.0014228639747947691,-0.0015234075127825474,,
26.5525,state,5.0,5.0,3,0.44638840927472184,-0.4601942363656927,0.0,0.0,0.0,0.0,-0.004601942363657105,2.077009986797158,0.4970097752749478,0.013805827090970758,0.0,2.077009986797158,1.0016894544893238,0.0030679615757705147,0.0,2.2234608508669775,-2.5638422214356624,3.836821816766441e-170,0.02398082392240207,0.035479577221395685,0.01346545700387932,-0.02925178031265749,0.023980546549939807,0.3433976528999126,0.026096729467939204,0.02398082392240207,-1.9673061203922123e-106,0.11220051867550727,0.0171752634421962,0.02398082392240207,-0.2791035257382854,0.46432576622105604,-0.002785819732356098,-0.0011070972895917915,-0.0017590877976920395,-0.0004015332832278564,-0.00015031148073552726,0.03169444514613204,0.06008284870680203,-0.0023778464587491917,-0.0017830432071928959,0.033189060807889983,0.04489712642695042,-0.0013256662440881463,-0.0015014268282289487,,
26.5808,state,5.0,5.0,3,0.5108156023659186,-0.506213660002262,0.0,0.0,0.0,0.0,-0.004601942363657105,2.077009986797158,0.4970097752749478,0.013805827090970758,0.0,2.077009986797158,1.0016894544893238,0.0030679615757705147,0.0,2.394016154548395,-2.567515453731688,1.3378170460117709e-170,0.02398082392240207,0.013905939247369778,0.020314342188172428,-0.010199465129565306,0.023980727208604613,0.17113601273144427,0.024718594567418907,0.02398082392240207,-6.859572292575395e-107,0.11052465993678498,0.010545000610587926,0.02398082392240207,-0.5260573115253546,0.5231260402928345,-0.002723534666759293,-0.0012030750217508592,-0.0014232915529423216,-0.000489275165351427,-0.00015404142192059294,0.031200942276957695,0.061203598493237414,-0.0022897345505700512,-0.001749480831267249,0.03281739749374916,0.04491166210652397,-0.0012275452887846121,-0.001482720634213596,,
26.6091,state,5.0,5.0,3,0.5460971604872884,-0.5108156023659186,0.0,0.0,0.0,0.0,-0.004601942363657105,2.077009986797158,0.4970097752749478,0.013805827090970758,0.0,2.077009986797158,1.0016894544893238,0.0030679615757705147,0.0,2.3247296755620237,-2.0106230747033735,5.182977341584159e-171,0.02398082392240207,0.0039714021114263705,0.022560353776017266,-0.003951481768034641,0.023980786453495377,0.0809917591296886,0.024266651386464354,0.02398082392240207,-2.6575388519204114e-107,0.06583318389383483,0.00948152654627922,0.02398082392240207,-0.7317712519878354,0.3561567867255954,-0.0026968627477275253,-0.0012400291535186812,-0.001267988854546345,-0.000517819728099969,-0.00013689485768633575,0.03162156162038604,0.06213145413733876,-0.002254036430922854,-0.0017354591153576565,0.03309214471482032,0.045419442605401754,-0.001202787516396301,-0.0014745237946988837,,
26.6377,state,5.0,5.0,3,0.5368932757599741,-0.49547579448706247,0.0,0.0,0.0,-0.0015339807878854794,-0.004601942363657105,2.077009986797158,0.4970097752749478,0.015339807878856403,0.0,2.077009986797158,1.0016894544893238,0.0030679615757705147,0.0,1.565286387661594,-0.8435759622533103,1.8071924545372096e-171,0.02398082392240207,-0.0007945489176688512,0.01523853126063793,-0.0013777964989619086,0.023980810857802144,0.04385930787912092,0.026478568188949267,0.02398082392240207,-9.266265013927541e-108,0.038573839511744944,0.011378189026443148,0.02398082392240207,-0.681272313064918,0.1427069556970012,-0.0027111533325599236,-0.0012194095481995665,-0.0011963143958307091,-0.0001852091326550305,-0.00010485760535173867,0.033266312454140474,0.06324511751391099,-0.0022915115187184055,-0.001742415811173251,0.03430679892320852,0.04604855836531791,-0.0012286812108959543,-0.001478583510536178,,
26.6660,state,5.0,5.0,3,0.5031456984264902,-0.458660255577807,0.0,0.0,0.0,-0.0015339807878854794,-0.004601942363657105,2.077009986797158,0.4970097752749478,0.015339807878856403,0.0,2.077009986797158,1.0016894544893238,0.0030679615757705147,0.0,0.4173366101700028,0.06989859460333865,7.001433844539163e-172,0.02398082392240207,-0.001340120366955456,-0.003759329786069866,-0.0005337865933703107,0.023980818860908387,0.03168215589749276,0.03963866261930693,0.02398082392240207,-3.589940922899401e-108,0.02963445715800992,0.017350102884378105,0.0141604367179392,-0.46029285814318066,-0.03439837197443368,-0.0027497764754414924,-0.0011619475068021252,-0.0011914579805450468,5.994081791172647e-05,-7.748953425239446e-05,0.03513082391364314,0.06425402581970373,-0.002467955174274802,-0.0017629277332133,0.03578997820384756,0.04657760559922886,-0.0013076020721321001,-0.0011184584367253875,,
26.6943,state,5.0,5.0,3,0.440252486123179,-0.39883500485026685,0.0,0.0,0.0,-0.0015339807878854794,-0.004601942363657105,2.077009986797158,0.4970097752749478,0.015339807878856403,0.0,2.077009986797158,1.0016894544893238,0.0030679615757705147,0.0,-0.6842065009615196,0.9363662302244105,2.4412490313772625e-172,0.02398082392240207,-0.0004672710790962681,-0.00629480070398771,-0.00018611987672265297,0.023980822157568363,0.026666112342168955,0.031942822805189085,0.02398082392240207,-1.2517350010477179e-108,0.025952123939891342,0.019920632390182526,0.013184444332859884,-0.15271946405114592,-0.251328676286412,-0.002813023064186105,-0.0010585803232635795,-0.0012088499002692525,9.207798229732838e-05,-5.088313088768162e-05,0.03714908478049516,0.06526541304945625,-0.002468199843609347,-0.001797644382085898,0.03735803089304773,0.04704120818114074,-0.0013657452424010023,-0.0011005590082101891,,
26.7259,state,5.0,5.0,3,0.36508742751678275,-0.33133985018329865,0.0,0.0,0.0,-0.0015339807878854794,-0.004601942363657105,2.077009986797158,0.4970097752749478,0.015339807878856403,0.0,2.077009986797158,1.0016894544893238,0.0030679615757705147,0.0,-1.5719432314108097,1.6440600649872992,8.5121090415626e-173,0.02398082392240207,-0.00016292735096313049,0.009041569586049986,-6.489598828725895e-05,0.023980823307042622,0.024917126099824993,0.026757001272930202,0.02398082392240207,-4.364530075838902e-109,0.024668173737469344,0.022565122672440544,0.02021635912839304,0.17147693281394868,-0.46536388774328663,-0.0028783711271637737,-0.0009351353411373132,-0.00121452686435109,-0.00010640162894739112,-2.8160383493862427e-05,0.03902169021975321,0.0661762229243933,-0.002499754565031256,-0.0018354758973485282,0.03878967468123896,0.047429157091266085,-0.0014265128057626044,-0.0013868867054074759,,
26.7579,state,5.0,5.0,3,0.26844663787998707,-0.25003886842535955,0.0,0.0,0.0015339807878857015,-0.0015339807878854794,-0.004601942363657105,2.077009986797158,0.4970097752749478,0.015339807878856403,0.0,2.077009986797158,1.0016894544893238,0.0030679615757705147,0.0,-2.2147804933089055,2.054775391266779,2.967988902573155e-173,0.02398082392240207,0.0023412731376567597,0.003152600379319513,-2.262783196474933e-05,0.023980823707839508,0.02430729230508814,0.02494881711042518,0.02398082392240207,-1.5218175386130435e-109,0.024220487983722765,0.008797038027155703,0.022668236210215645,0.550915529992781,-0.6605684318620112,-0.002948566858667304,-0.000772881276135069,-0.0012485053489333124,-2.9261478462757922e-05,-1.2840545990645706e-05,0.04071399234224412,0.0669833123493991,-0.0025777265557890574,-0.0018795620799272905,0.0400679511680295,0.04774278978574468,-0.001327900491374212,-0.0015026779054132713,,
26.7899,state,5.0,5.0,3,0.17487380981896328,-0.1733398290310776,0.0,0.0,0.0,0.0,-0.004601942363657105,2.077009986797158,0.4970097752749478,0.015339807878856403,0.0,2.077009986797158,1.0016894544893238,0.0030679615757705147,0.0,-2.7233257115935636,2.352117076953028,9.31386366704987e-174,0.02398082392240207,0.021427021267401997,0.017444706676851576,-7.100853437082346e-06,0.023980823855070076,0.024083273160177332,0.02428459044174668,0.02398082392240207,-4.7756246893237587e-110,0.024056033044346475,0.0183798313919543,0.02356891999002045,0.9111712167352726,-0.8299194445820455,-0.003000157833898701,-0.0006169574820678206,-0.0015307828355381387,-0.0004502443451327244,3.4669262521725065e-07,0.042279138092360245,0.06773757092420155,-0.002650086172808714,-0.0019163183016486683,0.04125216662973923,0.048056034940173895,-0.0014531870479145182,-0.001555269950787703,,
26.8220,state,5.0,5.0,3,0.11044661672776607,-0.11965050145508027,0.0,0.0,0.0,-0.0015339807878854794,-0.004601942363657105,2.077009986797158,0.4970097752749478,0.015339807878856403,0.0,2.077009986797158,1.0016894544893238,0.0030679615757705147,0.0,-2.6981824585027208,2.290599301457329,2.922789109257914e-174,0.02398082392240207,8.902624823564975e-05,0.019531638681221545,-2.2283230498385368e-06,0.02398082390127259,0.0240129735787773,0.0240761490749098,0.02398082392240207,-1.4986416304588102e-110,0.024004425341790862,0.022223173117726633,0.023851564103849594,1.108092167453173,-0.9336442949321295,-0.0030275297832860716,-0.0005079050688645112,-0.0011932827871715026,-0.00023708611949049572,3.3372783851624686e-06,0.04291246645880048,0.06803763508148773,-0.0026958463607447115,-0.0019388921731271064,0.04171221699169154,0.04815790938046345,-0.0015084881240509075,-0.0015768504435910565,,
40.3857,state,100.0,100.0,1,0.18254371375839137,-0.12885438618239403,0.0,0.0,0.0,-0.0015339807878854794,-0.0015339807878857015,1.6797089627347772,0.4970097752749478,0.016873788666742048,0.0,1.6183497312193516,1.0016894544893238,0.0030679615757705147,-0.055223308363883034,-3.765163354398433e-59,-1.700825742101128e-203,0.0,0.02398082392240207,3.0961210058741e-208,0.012996612354382622,0.0049333213742697975,-5.696184482107893e-42,0.023980823922402104,0.012235944711352063,0.02398082392240207,-4.831200153879287e-52,0.023980823922402104,0.012768044167498377,2.6890459030452646e-22,0.12322956274258229,-0.7168763926529281,-0.003006348984296048,-0.0005914610882103205,-0.0011996704120860661,-0.0001540928548863917,-0.0009735664346937008,0.026709626347915207,0.05471263559460869,-0.0025398827935407564,-0.001920865241672589,0.016656669135220167,0.03338321889176384,-0.0014075344643248602,0.024383917859166996,,
40.4179,state,100.0,100.0,1,0.18254371375839137,-0.12885438618239403,0.0,0.0,0.0,-0.0015339807878854794,-0.0015339807878857015,1.6797089627347772,0.4970097752749478,0.018407769454627698,0.0,1.6183497312193516,1.0016894544893238,0.0030679615757705147,-0.055223308363883034,-1.1815481566199965e-59,-5.337371399739717e-204,0.0,0.02398082392240207,9.715955784201224e-209,0.016725541636100714,0.015605433401506696,-1.7875230477688865e-42,0.023980823922402104,0.009812169320643993,0.02398082392240207,-1.5160818001189591e-52,0.023980823922402104,0.004006747551106116,8.438510977480069e-23,0.12320754237700968,-0.7168688382537697,-0.003006776681470435,-0.0005897337329716761,-0.0011994982818710413,-0.00020229872806150137,-0.0009762596843026429,0.026708056038716337,0.05471181846469721,-0.0025157876103634913,-0.0019208716584753723,0.01665527162398341,0.03338255647075563,-0.0013205936596257292,0.024383802416814194,,
40.4494,state,100.0,100.0,1,0.18407769454627707,-0.12885438618239403,0.0,0.0,0.0,0.0,-0.0015339807878857015,1.6797089627347772,0.4970097752749478,0.018407769454627698,0.0,1.6183497312193516,1.0016894544893238,0.0030679615757705147,-0.055223308363883034,-3.707823313379619e-60,-1.674923700506039e-204,0.0,0.02398082392240207,3.0489698762242707e-209,0.01073407498907327,0.016133581234226414,-5.60943673144968e-43,0.023980823922402104,0.01285447564503066,0.02398082392240207,-4.757625334165309e-53,0.023980823922402104,0.01771274710997852,2.6480941599550293e-23,0.1121056993405866,-0.7215139179638851,-0.003006282038521962,-0.0005915501968176953,-0.0011996645774644754,-0.00036295980261774694,-0.000976987822786456,0.026472348284774377,0.0545945406720483,-0.002545197969444498,-0.0019204734715701556,0.0164596430788161,0.03331757433493142,-0.0014565954411380865,0.024383984042867464,,
40.4523,midi,100.0,100.0,1,,,,,,,,,,,,,,,,,,,,,,,,,,,,,,,,,,,,,,,,,,,,,,72,8
40.4597,midi,100.0,100.0,1,,,,,,,,,,,,,,,,,,,,,,,,,,,,,,,,,,,,,,,,,,,,,,77,22
40.4808,state,100.0,100.0,1,0.1917475984857051,-0.13038836697027975,0.0,0.0,0.0,-0.0015339807878854794,-0.0015339807878857015,1.6797089627347772,0.4970097752749478,0.018407769454627698,0.0,1.6183497312193516,1.0016894544893238,0.0030679615757705147,-0.055223308363883034,0.04290389519700518,-5.840097831789654e-205,0.0,0.02398082392240207,1.0631100603537689e-209,0.00784346141383725,0.018255234053460145,-1.955889649361517e-43,0.023980823922402104,0.01014877236256256,0.02398082392240207,-1.658881380097002e-53,0.023980823922402104,0.021795280677019264,9.233333409310398e-24,0.05270789611457701,-0.737713624716665,-0.003003477246783749,-0.0006015677131235519,-0.0012004909617748464,-8.759684478068945e-05,-0.000988843371524042,0.025018349418470302,0.05386405164856148,-0.0025135873997316214,-0.0019182670188034334,0.015245276292114286,0.03289902204454706,-0.0014954648767700931,0.02438498289390189,,
40.5151,state,100.0,100.0,1,0.2024854640009046,-0.14726215563702158,0.0,0.0,0.0,0.0,-0.0015339807878857015,1.6797089627347772,0.4970097752749478,0.018407769454627698,0.0,1.6183497312193516,1.0016894544893238,0.0030679615757705147,-0.055223308363883034,0.20258508570475847,-0.06464380944523687,0.0,0.02398082392240207,3.3361520174889214e-210,0.021489950117614672,0.013100908177990882,-6.13778896752399e-44,0.023980823922402104,0.013137326103153822,0.02398082392240207,-5.205745547308421e-54,0.023980823922402104,0.023294977293788034,2.8975178610734096e-24,0.0002705707841406321,-0.6506094652446975,-0.0029970738623884396,-0.0006246223332543725,-0.0012024816437842497,-0.0005026485009135167,-0.0010850807015685168,0.020512875303056347,0.0515451193272421,-0.0025327158909869097,-0.0019132948788763325,0.011446703946081875,0.03147335900474733,-0.0015068011297620534,0.02438704881342741,,
40.5487,state,100.0,100.0,1,0.22856313739496062,-0.1917475984857051,0.0,0.0,0.0,0.0,-0.0015339807878857015,1.6797089627347772,0.5062136600022618,0.018407769454627698,0.0,1.6183497312193516,1.0016894544893238,0.0030679615757705147,-0.055223308363883034,0.33440497197693736,-0.422006886803323,0.0,0.02398082392240207,1.0469198532550548e-210,0.031407543254606464,0.007219561268610512,-1.926103214573329e-44,0.05041869908306959,0.016195222639473813,0.02398082392240207,-1.6336181132937195e-54,0.023980823922402104,0.023765597983050394,9.092718071648688e-25,-0.047667084277294935,-0.35018528553719613,-0.0029782029626269,-0.000687347954251372,-0.0012073555623799313,-0.0006318837299237099,-0.0013397384988857093,0.00892886796020878,0.0451770627955403,-0.0025332167934145663,-0.0018993140074772639,0.0020469069119371853,0.02800977554163282,-0.0015013639300211605,0.02439286485802621,,
40.5821,state,100.0,100.0,1,0.26231071472844475,-0.2730485802436442,0.0,0.0,0.0,0.0,0.0,1.6797089627347772,0.5230874486690038,0.018407769454627698,0.0,1.6183497312193516,1.0016894544893238,0.0030679615757705147,-0.053689327575997335,0.6720977761052714,-1.2387194460112048,0.0,0.02398082392240207,2.9568108888758172e-211,0.026078348820971053,0.0020390173426898476,-5.4398843810650965e-45,0.23892415274855827,0.00915138282640424,0.02398082392240207,-4.613820065245112e-55,0.023980823922402104,0.023920037760112305,0.022954190555554733,-0.04252629191579833,0.2569175813453588,-0.0029441936032247747,-0.0007856073485023739,-0.0012133763023272856,-0.0005641070362911651,-0.0017915027387875062,-0.009506425828509824,0.03408514092910156,-0.0024127540991158475,-0.001875921943387226,-0.012727923012811976,0.022722409285999487,-0.001485266773683416,0.022838814600347177,,
40.6157,state,100.0,100.0,1,0.3006602344255855,-0.3712233506683256,0.0,0.0,0.0015339807878857015,0.0,0.0,1.6781749819468914,0.5368932757599745,0.015339807878856403,0.0,1.6183497312193516,1.0016894544893238,0.0015339807878848133,-0.053689327575997335,0.9534180553924775,-2.151797365483156,0.0,0.02398082392240207,0.014745808629885048,0.02463904946113563,0.015330026639509525,-0.009820387204462882,0.4173157448397826,-0.0019927904340856354,0.02398082392240207,-1.4478656249265718e-55,0.023980823922402104,0.023961748580579905,0.025368234136284556,-0.006421186556439452,0.9802825379068505,-0.0028978223775397165,-0.0008988200802120838,-0.001443803490900985,-0.0005463394416070176,-0.0023024261559260258,-0.029227982702158258,0.022880795910659366,-0.0022396513872064297,-0.001847264881662292,-0.028613044856752222,0.017454624202404498,-0.0014630075181867959,0.022760360016215772,,
40.6487,state,100.0,100.0,1,0.32366994624387013,-0.458660255577807,0.0,0.0,0.0,0.0,-0.003067961575771403,1.6751070203711205,0.5384272565478602,0.015339807878856403,0.0,1.6183497312193516,1.0016894544893238,0.0,-0.053689327575997335,1.0411855482119532,-2.650158384018354,0.0,0.02398082392240207,0.031039362258169844,0.02418738207107372,0.015600795392412131,-0.019537128835050866,0.3553641502307711,-0.0317709074183488,0.02398082392240207,-4.54355574816428e-56,0.023980823922402104,-0.033605912924220854,0.011651469477715828,0.10365003763199154,1.5946212429746849,-0.0028561708650530725,-0.000987238583547934,-0.0016948536831994918,-0.0005407642988198309,-0.00272238944666548,-0.04265752352094811,0.017096750923808888,-0.0018892955086412988,-0.001822491898806208,-0.039541336990413095,0.014208558427868138,-0.0008710816128159127,0.02329007960013242,,
40.6818,state,100.0,100.0,1,0.3420777156984981,-0.5169515255174615,0.0,0.0,0.0,0.0,-0.003067961575771403,1.668971097219578,0.5368932757599745,0.015339807878856403,0.0,1.6168157504314657,1.0016894544893238,0.0,-0.053689327575997335,0.7836998880402203,-2.5372138714871184,0.0,0.02398082392240207,0.005006903370340346,0.02164756166592377,-0.035351362772542964,-0.06736640725104115,0.14916980386781717,-0.012571432903851418,0.02398082392240207,-1.425815937699579e-56,0.023980823922402104,-0.016607398644107475,0.015371773399436286,0.1744219230666591,1.9288841336411706,-0.0028233253455638777,-0.0010501340668057479,-0.0012955516234588614,-0.0005078852759947245,-0.0029841014559341544,-0.05013195616980599,0.015292811081672268,-0.002038884876197087,-0.0018036727373975932,-0.04581992497014381,0.012608064942409701,-0.001024467204691338,0.02315815276938923,,
40.7151,state,100.0,100.0,1,0.3574175235773543,-0.5261554102447752,0.0,0.0,0.0015339807878857015,-0.0015339807878854794,-0.003067961575771403,1.6490293469770643,0.5338253141842033,0.015339807878856403,0.0,1.6014759425526097,0.9986214929135524,0.0,-0.055223308363883034,0.6091500849799503,-1.782276322918566,0.0,0.02398082392240207,0.0038833620545933117,0.006793234230278574,-0.011336867750546363,-0.15714343257186217,0.027034920205624695,-0.003945048853263054,0.02398082392240207,-0.04642958734495607,0.008188036500888904,0.004745006321601169,0.01061578087177064,0.06056949402654045,1.8115797964750915,-0.0028108160375457667,-0.0010720270020337919,-0.0012778839610342958,-7.752219212273543e-05,-0.0030338922221205844,-0.05076813626041726,0.015566695350545823,-0.0021090404674825925,-0.0017965797019914283,-0.04664718758831599,0.01244170499867185,-0.0012305720327193878,0.0240373811519376,,
40.7487,state,100.0,100.0,1,0.3635534467288971,-0.5000777368507191,0.0,0.0,0.0,-0.0015339807878854794,-0.004601942363657105,1.603009923340495,0.5292233718205464,0.015339807878856403,0.0,1.5631264228554687,0.9940195505498958,0.0,-0.053689327575997335,0.47847486032400727,-0.6384854784094492,0.0,0.02398082392240207,0.009000635603459171,0.004529871275422921,0.02102020030280256,-0.5210523393375995,-0.05152184040812061,-0.0012379981322466502,0.02398082392240207,-0.3866477716829615,-0.05445239120092281,7.29895904385602e-05,0.012169693007347758,-0.12072122504075547,1.4022351789671064,-0.0028177252009470768,-0.0010583317673991406,-0.0013561274337706571,-4.8226462323812394e-05,-0.00293924188557045,-0.04353063139214731,0.018343249072180608,-0.002144508153705834,-0.0018004618865062009,-0.04107852494695979,0.014014265262212437,-0.0011865093279785682,0.023281420115666564,,
40.7817,state,100.0,100.0,1,0.355883542789469,-0.44792239006260753,0.0,0.0,0.0,-0.0015339807878854794,-0.003067961575771403,1.5293788455219843,0.5230874486690038,0.016873788666742048,0.0,1.4971652489763858,0.9863496466104673,0.0015339807878848133,-0.055223308363883034,0.25354963819410464,0.4142412618834484,0.0,0.02398082392240207,0.004692950288405761,-0.003330971149085138,0.0037868868874225197,-1.1907038400864176,-0.10968146668930175,0.010666662896388738,0.02398082392240207,-0.9977758152284475,-0.11709990786343401,0.012533775087755222,0.018426927482831163,-0.24132140406383704,0.8724789701586347,-0.0028420768688289825,-0.0010120963897453624,-0.0012903027834089476,5.3426866600203435e-05,-0.0027434504404860384,-0.02764460868333266,0.024365946685746223,-0.002292294716215656,-0.0018138203293173358,-0.02813911879790911,0.017577831559928554,-0.0013214517384105562,0.023734437655578172,,
40.8147,state,100.0,100.0,1,0.32366994624387013,-0.36662140830466844,0.0,0.0,0.0,-0.0015339807878854794,-0.003067961575771403,1.4342720366730743,0.5169515255174613,0.016873788666742048,0.0,1.406660382491133,0.9756117810952677,0.0015339807878848133,-0.053689327575997335,-0.11369915060237536,1.311801596289827,0.0,0.02398082392240207,0.0014726975274253493,0.007201711305061079,0.007631521276315563,-1.9548812603474608,-0.1463224182135923,0.029759283104003394,0.02398082392240207,-1.7353542661683836,-0.195455124856862,0.04966571190398078,0.0115630615027614,-0.22227869812746684,0.2387115243621574,-0.0028873151715955803,-0.0009200182256327619,-0.0012402541839249273,-8.266014948009888e-05,-0.002399128062870442,-0.0004056094408960635,0.035625735248009015,-0.0025405900247703686,-0.0018404696017528454,-0.004962152734975278,0.024990411832350966,-0.0017125910834459447,0.02328592785242225,,
40.8477,state,100.0,100.0,1,0.256174791576902,-0.25770877236478806,0.0,0.0,0.0015339807878857015,-0.0015339807878854794,-0.004601942363657105,1.3284273623089653,0.5092816215780329,0.016873788666742048,0.0,1.308485612066452,0.9618059540042968,0.0030679615757705147,-0.055223308363883034,-0.7892687957999379,2.1612743704832127,0.0,0.02398082392240207,0.000462148088941618,0.015692719221535426,0.021008513666394054,-2.64569014108112,-0.1766821961952356,0.025794165642662126,0.02398082392240207,-2.4144823531627204,-0.27159889015192185,0.036204322203467976,0.021657380352939442,0.035824429053454766,-0.4696533805030306,-0.0029514943401916733,-0.0007661067774940109,-0.0012195549446109627,-0.00019143628382559255,-0.0018430817488427908,0.04082357638036019,0.05453656924976056,-0.0025895496663117623,-0.0018811343858452414,0.030552365803596868,0.0382893284239184,-0.0016113675346998324,0.023581541358027026,,
40.8807,state,100.0,100.0,1,0.16260196351587816,-0.13499030933393638,0.0,0.0,0.0,0.0,-0.004601942363657105,1.2241166687327416,0.5077476407901474,0.016873788666742048,0.0,1.210310841641771,0.944932165337555,0.0030679615757705147,-0.053689327575997335,-1.6950255848647742,3.0099085714915392,0.0,0.02398082392240207,0.019217985127604163,0.008869058664895462,0.0069147149616391726,-3.054358119080538,-0.18166171214436,0.02454986976855176,0.02398082392240207,-2.8365459495310876,-0.38188619937398033,0.04187399208463202,0.017840842502777215,0.4857493394994902,-1.1951146546759441,-0.003011324777812109,-0.0005740089363579982,-0.0014929006365944119,-0.0003385468815431192,-0.0010796294180962286,0.09175812652297119,0.07946477901899283,-0.002670809120574846,-0.0019248336936699762,0.07599797709714891,0.058110643560566715,-0.0017002920506954745,0.023011277312370508,,
40.9137,state,100.0,100.0,1,0.07823302018216767,-0.0352815581213698,0.0,0.0,0.0,-0.0015339807878854794,-0.003067961575771403,1.1274758790959463,0.5092816215780329,0.018407769454627698,0.0,1.1152040327928612,0.9387962421860123,0.0030679615757705147,-0.053689327575997335,-2.3873018594578728,3.4581419439986516,0.0,0.02398082392240207,0.0034132364807944386,0.016441070141412432,0.002176301877028971,-3.148254685236174,-0.06587515182420853,0.03770256255619397,0.02398082392240207,-2.9519041344026067,-0.4267063477275758,0.029595889689330076,0.013807027346214007,0.9309026162516422,-1.7271560017526029,-0.0030458790159798277,-0.00040715431049683545,-0.0012319172659357696,-0.0001947756972406439,-0.0003694843603143889,0.13757488725868666,0.10190280525835117,-0.0028677431360256155,-0.001956319965001718,0.11816437224647765,0.0775135933344906,-0.0015991247546612935,0.02315149814723558,,
40.9478,state,100.0,100.0,2,0.024543692606170335,0.006135923151542363,0.0,0.0,0.0,0.0,-0.004601942363657105,1.0783884938836057,0.5200194870932323,0.018407769454627698,0.0,1.0599807244289783,0.9495341077012122,0.0030679615757705147,-0.055223308363883034,-2.450459956685984,3.0073246261791775,0.0,0.02398082392240207,0.0010711097746342372,0.016308274804280154,0.02447461699083243,-2.89516768639127,0.04370344141741504,0.030052076783285083,0.02398082392240207,-2.800480798661668,-0.21154249478321355,0.025742891057806312,0.012579796828660431,1.2766062321710243,-1.7820810308251938,-0.003058228110253129,-0.00031653048722416805,-0.0011835277381032196,-0.0004287944593996794,-3.6734522402386206e-05,0.15979620483889112,0.11250794880290772,-0.0028227616296645224,-0.001971418710724371,0.13954410530870265,0.08551323845507652,-0.0015699746180332854,0.023888392320513357,,
40.9817,state,100.0,100.0,2,0.024543692606170335,0.00460194236365666,0.0,0.0,0.0,-0.0015339807878854794,-0.004601942363657105,1.107534128853433,0.5506991028509453,0.019941750242513344,0.0,1.0768545130957203,0.9725438195194963,0.0030679615757705147,-0.055223308363883034,-1.583368495597622,1.5440790905581703,0.0,0.02398082392240207,0.00030251303717021604,0.012205953465466315,-0.0030442292573419814,-1.5888115105213234,0.30490416816139915,0.025695525053760215,0.02398082392240207,-1.7135916199491172,0.2234843398946974,0.024478483726702704,0.006070675733147136,1.231671499764519,-1.5422668364400174,-0.003058221478160249,-0.00031651182099201114,-0.0011717317121885576,-0.00013759288984284358,-0.00010009058670645376,0.14882730846542422,0.10517287512152357,-0.0027789129263677144,-0.0019711648951817925,0.13124154719485945,0.07823753519361785,-0.0015573887890122202,0.024134594177560347,,
41.0147,state,100.0,100.0,2,0.04295146206079787,-0.010737865515199467,0.0,0.0,0.0,-0.0015339807878854794,-0.004601942363657105,1.217980745581199,0.6013204688511717,0.019941750242513344,0.0,1.1734953027325155,1.0139613007924089,0.0030679615757705147,-0.053689327575997335,-0.42662103937467144,0.4375936604770472,0.0,0.02398082392240207,0.009915319000982263,0.011444506368340244,-0.0009553113978811056,0.48647410322995965,0.8315649070728331,0.038176780861574194,0.02398082392240207,0.1606954305429854,0.6546515674439835,0.024136994842239697,0.010152047717402081,0.9643322446084861,-1.327966264564752,-0.0030544373089180744,-0.0003482982275924517,-0.0013236813776246895,-0.00012862062697969497,-0.0002652541928363845,0.11913233976273688,0.0869164990498629,-0.0028925906492560686,-0.001966061907523407,0.10525263825677472,0.06303705968095287,-0.0015509508447886112,0.02328605279341964,,
41.0463,state,100.0,100.0,2,0.07516505860639626,-0.033747577333484095,0.0,0.0,0.0,-0.0015339807878854794,-0.004601942363657105,1.3913205746122765,0.6657476619423685,0.019941750242513344,0.0,1.342233189399936,1.0615147052168639,0.0030679615757705147,-0.053689327575997335,0.3042380210887018,-0.20175285715621538,0.0,0.02398082392240207,0.009746532234241627,0.011955993090092662,-0.00029978683922064097,2.777804119500915,1.3982547535694378,0.025566493502761193,0.02398082392240207,2.4498245531402585,1.0876031632946477,0.02402983201184825,0.009820820213852952,0.6385574988233189,-1.1319456085590218,-0.0030467783655431227,-0.0004014750215873844,-0.0013282664663221613,-0.00013661506324487248,-0.00044319734821254473,0.07817584042179246,0.06333352781733995,-0.0027485055587461553,-0.001957026654804621,0.06742916439057947,0.04353529636411538,-0.0015443618232424368,0.023301911218512297,,
41.0619,midi,100.0,100.0,2,,,,,,,,,,,,,,,,,,,,,,,,,,,,,,,,,,,,,,,,,,,,,,77,8
41.0781,state,100.0,100.0,2,0.11504855909142317,-0.0720970970306253,0.0,0.0,0.0,0.0,-0.004601942363657105,1.5953400194010672,0.7255729126699085,0.019941750242513344,0.0,1.5508545765523836,1.104466167277662,0.0030679615757705147,-0.053689327575997335,0.7380360971593853,-0.5847524261569111,0.0,0.02398082392240207,0.0033984056558197385,0.01851358536071153,0.008142476139452117,4.545208083706296,1.720725515130655,0.018734872277832444,0.02398082392240207,4.350726584375887,1.3252687540663721,0.02399791198658245,0.011671313619582879,0.34060609869841707,-0.86616543658335,-0.0030339514996035955,-0.0004734057746807598,-0.001239764569642633,-0.0004612708220100251,-0.0006440664918476051,0.033366045966244984,0.040583328730066114,-0.0026533277628428766,-0.0019439709061643896,0.024992798927490945,0.024979397339581176,-0.0015356879152401061,0.02323689118729367,,
41.1117,state,100.0,100.0,2,0.1656699250916491,-0.12578642460662262,0.0,0.0,0.0,0.0,-0.004601942363657105,1.8039614065535141,0.7700583555185921,0.019941750242513344,0.0,1.765611886856373,1.1351457830353744,0.0030679615757705147,-0.053689327575997335,1.1051539822537315,-0.9984446471858357,0.0,0.02398082392240207,0.0010664557046084198,0.03632245141073529,0.009190195359090953,5.746137155469653,1.7590264496213777,0.009823718528889048,0.02398082392240207,5.761917826646243,1.3240407954057043,0.02398618633800855,0.020117969156698404,0.04137894079238721,-0.5214789133878139,-0.0030125547315032987,-0.0005682278584090514,-0.001213970480574678,-0.0006935678427517348,-0.0008474793853650792,-0.010840153387142504,0.02184183747985597,-0.0025250932546431026,-0.0019251939546287864,-0.016588714672639174,0.010858608522909933,-0.0015227248999640747,0.022924939081302373,,
41.1451,state,100.0,100.0,2,0.22702915660707493,-0.20708740636456172,0.0,0.0,0.0,0.0,-0.0015339807878857015,1.988039101099791,0.7853981633974484,0.019941750242513344,0.0,1.9481556006147647,1.1428156869748025,0.0030679615757705147,-0.053689327575997335,1.4352801601159546,-1.5014602252253435,0.0,0.02398082392240207,0.01015505230482963,0.027853757401236665,0.027692494588025467,6.1020706826169135,1.4207125090036359,0.001808347662756522,0.02398082392240207,6.204989440057132,0.9978157940446933,0.023982506705240034,0.01153218828951072,-0.21576362684047581,-0.01844954936766445,-0.0029749166895710233,-0.0006982981551642928,-0.0013639167770887028,-0.0005860731416492323,-0.0011153912529680062,-0.049983251697374616,0.010036114888587591,-0.0023842963551891643,-0.0018965925843524446,-0.05155198952257685,0.004184143329560703,-0.001501898341881949,0.02326168624304066,,
41.1781,state,100.0,100.0,2,0.3006602344255855,-0.3098641191528997,0.0,0.0,0.0015339807878857015,0.0,-0.003067961575771403,2.1046216409791,0.7823302018216769,0.018407769454627698,0.0,2.050932313403102,1.1366797638232602,0.0015339807878848133,-0.053689327575997335,1.7722923397774215,-2.203035654634314,0.0,0.02398082392240207,0.018718648760435774,0.00874080421342833,0.07177821522162979,5.585658421157542,0.7132932184330193,0.015061503840769581,0.02398082392240207,5.5737764353087424,0.4425023836806991,0.023981351997487556,0.014855353757610278,-0.4583737692012953,0.5995959676346118,-0.0029169734705390693,-0.0008526864553686107,-0.0015029688384840612,-0.0003403616362255555,-0.0014252825540430265,-0.07874428208098913,0.006211458092668309,-0.0024332661988988083,-0.0018582942185498975,-0.07464776743141172,0.004687100999460421,-0.0014717518813578934,0.02315314801623339,,
41.2111,state,100.0,100.0,2,0.3604854851531256,-0.4126408319412377,0.0,0.0,0.0015339807878857015,0.0,-0.004601942363657105,2.133767275948927,0.7746602978822488,0.018407769454627698,0.0,2.0586022173425307,1.1259418983080607,0.0015339807878848133,-0.053689327575997335,2.0504268345638446,-2.816450859596641,0.0,0.02398082392240207,0.03422852832542282,0.01919834425310569,-0.013739613791837642,3.9936306085249083,0.17115407570793062,0.008670976589996158,0.02398082392240207,3.707607180088306,0.02250875924984639,-0.0032200419346740646,0.012870149343473185,-0.5870141953738549,1.21076783459869,-0.002853655328537935,-0.0009883887447644226,-0.001742915997022986,-0.000476124762197942,-0.0017291237792498347,-0.09213827020692968,0.0061812547911645,-0.002285970946633513,-0.0018199870578819628,-0.0828535509127585,0.00772714350425998,-0.0011693042289334392,0.02324621086871394,,
41.2441,state,100.0,100.0,2,0.4049709280018092,-0.48013598660820594,0.0,0.0,0.0015339807878857015,0.0,-0.004601942363657105,2.0877478523123583,0.7623884515791637,0.019941750242513344,0.0,2.0003109474028764,1.1090681096413184,0.0015339807878848133,-0.053689327575997335,1.866079650247291,-2.9296386412148174,0.0,0.02398082392240207,0.022640305604411746,0.022480031126591877,-0.026852148759495008,1.660705071982549,-0.11783859172636894,0.015013123331911099,0.02398082392240207,1.1849825868735433,-0.22952712631199634,-0.0038080049965142186,0.009302819896449129,-0.6511712668453442,1.5589645398857528,-0.002802091235417197,-0.0010828017465447936,-0.0015639894704001208,-0.0005183959386725587,-0.0020098781294066092,-0.09235001165227147,0.007231552681735903,-0.002283333369861864,-0.001790142178438606,-0.08034164987877843,0.010489720060068307,-0.001137808168547042,0.02339549346604384,,
41.2770,state,100.0,100.0,2,0.42337869745643714,-0.4924078329112911,0.0,0.0,0.0015339807878857015,0.0,-0.004601942363657105,1.9849711395240197,0.7470486437003075,0.019941750242513344,0.0,1.885262388311453,1.0921943209745766,0.0015339807878848133,-0.053689327575997335,1.4195418398115778,-2.1755530218029957,0.0,0.02398082392240207,0.0030040469066494615,0.018953502695284914,-0.008426488808514484,-0.5403877785597098,-0.28327417169034524,0.01874522977577587,0.02398082392240207,-0.9768910876724626,-0.38721766488026393,-0.0011949923178698255,0.0048617701947371835,-0.7020425217203116,1.4668872262821582,-0.0027853542101090568,-0.0011106041210894304,-0.0012619862609721836,-0.00047261908589985816,-0.002198971719356728,-0.08234807502575754,0.00922736206091126,-0.002299919340494616,-0.0017808528828667336,-0.06968378225461558,0.012402450922865753,-0.0011552212148248564,0.023568252860612114,,
41.3107,state,100.0,100.0,2,0.4157087935170086,-0.47400006345666307,0.0,0.0,0.0,-0.0015339807878854794,-0.004601942363657105,1.8254371375839133,0.7301748550335652,0.018407769454627698,0.0,1.7165245016440325,1.0737865515199492,0.0015339807878848133,-0.055223308363883034,0.7809642391602797,-0.8650994564276091,0.0,0.02398082392240207,0.014017213646056776,0.005947809978800781,-0.0026443214759456447,-2.4523756241215953,-0.4028096179239054,0.022337839002364,0.02398082392240207,-2.875519970800131,-0.4788421967609141,-0.00037500125159370076,0.006082031548119469,-0.6559063884960954,1.1422151156671614,-0.0027981811706473065,-0.001088490131485361,-0.001431255657709061,-6.63188765819464e-05,-0.002346499590348583,-0.06318535357641253,0.013251696390387879,-0.0023524992352753583,-0.0017884783942807288,-0.05101708710965975,0.01473507765294886,-0.0011698869664161257,0.02421429915332291,,
41.3441,state,100.0,100.0,2,0.39116510091083834,-0.43258258218375095,0.0,0.0,0.0,-0.0015339807878854794,-0.004601942363657105,1.6260196351587795,0.7086991240031664,0.019941750242513344,0.0,1.5109710760673565,1.0492428589137788,0.0015339807878848133,-0.053689327575997335,0.02077472557287653,0.2643681602504673,0.0,0.02398082392240207,0.003155060777122467,-0.004660089245784549,-0.0007468344887580822,-4.295404250116612,-0.4988574121495171,0.00882663506122829,0.02398082392240207,-4.626809933057728,-0.5906518275238379,-0.00010591142966740376,0.005066666273128154,-0.4990598457196239,0.7395101805849247,-0.0028282739400565656,-0.0010351507009290768,-0.0012658210345796205,7.073571325074817e-05,-0.002427838718266081,-0.03482719922516405,0.020737839865278513,-0.0022544028369887773,-0.0018049320796200228,-0.02413894489483162,0.019989721819270622,-0.0011871324535364454,0.023548727004900284,,
41.3777,state,100.0,100.0,2,0.3451456772742691,-0.3712233506683256,0.0,0.0,0.0,-0.0015339807878854794,-0.004601942363657105,1.406660382491133,0.6856894121848818,0.019941750242513344,0.0,1.2916118233997098,1.0231651855197226,0.0015339807878848133,-0.053689327575997335,-0.6011266990895915,1.0463044956314025,0.0,0.02398082392240207,-0.002118265960785857,-0.001462385384052248,-0.00023436457609774433,-5.594673653497813,-0.5961621691988727,0.003802187446770713,0.02398082392240207,-5.789176697273665,-0.6809271236524789,-3.3236128876672096e-05,0.014337688217407052,-0.22871810717965316,0.2968311153294814,-0.0028751482551204344,-0.0009444970441840088,-0.001185260891773897,2.9378451104138994e-05,-0.0023760578130751784,0.002826360104205187,0.0336149327977753,-0.0022644635342654353,-0.001832266580698519,0.010818468273794454,0.02964069364407485,-0.0012115523104749644,0.02318477352293778,,
41.4107,state,100.0,100.0,2,0.2776505226073009,-0.2914563496982722,0.0,0.0,0.0,-0.0015339807878854794,-0.004601942363657105,1.1857671490356005,0.65807775800294,0.018407769454627698,0.0,1.081456455459377,0.9940195505498958,0.0015339807878848133,-0.055223308363883034,-1.2377461293473642,1.6846451060138894,0.0,0.02398082392240207,-0.0006647343038313664,0.0019391703631574696,-7.354608732761334e-05,-6.395308079845786,-0.6829173860781449,0.017648553981700794,0.02398082392240207,-6.396249949768666,-0.7725027139840108,-1.0429849414512536e-05,0.014162367504765079,0.16847106825248523,-0.2000818449136539,-0.002932375392345814,-0.000815751232517989,-0.0012044836458156693,-1.396565498031774e-05,-0.0021151988983154294,0.05059167441825387,0.053409350223048914,-0.0024805156915316696,-0.0018681936013560942,0.05408142468283518,0.04542851920833835,-0.001241722336564763,0.02387039745111163,,
41.4437,state,100.0,100.0,2,0.18254371375839137,-0.1718058482431919,0.0,0.0,0.0,-0.0015339807878854794,-0.004601942363657105,0.9587379924285258,0.6350680461846557,0.019941750242513344,0.0,0.859029241215959,0.9633399347921826,0.0030679615757705147,-0.053689327575997335,-1.8390595869806061,2.340771968150431,0.0,0.02398082392240207,0.008688285007084384,0.014665837087926062,-2.3079541504365555e-05,-6.632893163584493,-0.7499806137378554,0.007303529125945657,0.02398082392240207,-6.49963849549151,-0.8529814280817534,0.01474253563262315,0.012708330152508527,0.6498300753046358,-0.9310931635790147,-0.0029980472070799107,-0.0006239005896636891,-0.001335998516622411,-0.00017626567520369183,-0.0014613230516652364,0.11438402414699884,0.08363614107277757,-0.0024755389683450923,-0.001913669745570944,0.11345684260761255,0.07152716154561009,-0.0014232121105424377,0.023209608426757133,,
41.4768,state,100.0,100.0,2,0.1043106935762237,-0.06749515466696819,0.0,0.0,0.0,-0.0015339807878854794,-0.004601942363657105,0.7823302018216771,0.6320000846088845,0.019941750242513344,0.0,0.6872233929727671,0.9526020692769832,0.0030679615757705147,-0.053689327575997335,-2.3527651424190954,3.0306953371786753,0.0,0.02398082392240207,0.01112113712220314,0.009158651623977304,-7.242604676968852e-06,-6.368717419913445,-0.6344329922462439,0.015408704362787056,0.02398082392240207,-6.183539660625459,-0.7852855303392778,0.031038335156948094,0.024280874283612506,1.0091070413692311,-1.6145346989555838,-0.0030367600892808717,-0.0004595578933228808,-0.0013565947028007057,-0.00010181592579930037,-0.000729336929819289,0.1686068221393685,0.10994096200847908,-0.002625885067361148,-0.0019466583592805391,0.1647286369332411,0.0955539509045165,-0.0016076909188577505,0.02275879384855316,,
41.5098,state,100.0,100.0,2,0.053689327575997335,-0.007669903939428508,0.0,0.0,0.0,-0.0015339807878854794,-0.004601942363657105,0.6810874698212247,0.6473398924877405,0.018407769454627698,0.0,0.5982525072754,0.9648739155800683,0.0030679615757705147,-0.053689327575997335,-2.292463830374701,3.009934169778669,0.0,0.02398082392240207,0.002653771041759602,0.014773112652828331,-2.272806090923818e-06,-5.5549142473953745,-0.1994076005277256,0.018316059399192217,0.02398082392240207,-5.317402884583585,-0.39100171130374967,0.026195545729826842,0.02167690051287034,1.2191461296054853,-1.9350534073758394,-0.0030528011848858826,-0.0003599389084962666,-0.0012139289116804436,-0.00017198601735536167,-0.00024859333427874354,0.19822945420568472,0.12208329892376858,-0.002691450021185571,-0.0019643132959359646,0.19174676468516544,0.10623658203775889,-0.0015700162409425153,0.022850987840501564,,
41.5428,state,100.0,100.0,3,0.03988350048502646,0.006135923151542363,0.0,0.0,0.0,-0.0015339807878854794,-0.004601942363657105,0.6826214506091102,0.6918253353364245,0.019941750242513344,0.0,0.6166602767300278,1.0108933392166375,0.0030679615757705147,-0.053689327575997335,-1.6867122443373737,2.1403785440239984,0.0,0.02398082392240207,0.0073315847554719284,0.011134762570659746,-7.132306341897864e-07,-3.6788321795911365,0.3682142434784316,0.01576000474581602,0.02398082392240207,-3.346524892254911,0.2751032013563214,0.024675827092963572,0.009200523463567678,1.222761865691142,-1.8593616839961185,-0.0030562355760625605,-0.0003325269347040842,-0.0012817352739346495,-0.00012417567761857984,-0.0001523739361459384,0.19483493661571766,0.11635068144604717,-0.0026745893137704634,-0.0019684831269177827,0.18586544224924229,0.0983129705930523,-0.0015573583112002153,0.023321382091777202,,
41.5761,state,100.0,100.0,3,0.04908738521234067,0.003067961575770959,0.0,0.0,0.0,-0.0015339807878854794,-0.004601942363657105,0.8099418560036187,0.7562525284276213,0.019941750242513344,0.0,0.7593204900033925,1.0799224746714915,0.0030679615757705147,-0.053689327575997335,-0.7101401465913797,0.8615942234226459,0.0,0.02398082392240207,0.013289608808749565,0.01345079046923215,-2.2381933046474562e-07,-0.7166052336199854,1.0548379852704248,0.021401043756249516,0.02398082392240207,-0.28216630130373643,1.0557945277866103,0.02419892328164043,0.012843805742054997,1.017318141418745,-1.6340490686784934,-0.0030548525043701084,-0.0003430998612564543,-0.001374531423498274,-0.00015442115079633944,-0.00022877699814084676,0.1647104150652485,0.0969772926366228,-0.00272701205989036,-0.0019666938940556622,0.15387099297114798,0.07710929564196434,-0.0015513969581896303,0.02318431332085969,,
41.6091,state,100.0,100.0,3,0.0705631162427396,-0.016873788666742273,0.0,0.0,0.0,0.0,-0.004601942363657105,1.0231651855197226,0.8298836062461319,0.019941750242513344,0.0,0.9940195505498955,1.1612234564294304,0.0030679615757705147,-0.053689327575997335,-0.0030242170685751456,0.1665273126829247,0.0,0.02398082392240207,0.0041704200620766175,0.00909077476233073,-7.023687750960653e-08,2.6742374512106712,1.7224516035344106,0.01971753105517522,0.02398082392240207,3.187525223964048,1.8031976206015607,0.024049265812331518,0.009879445290652317,0.7431272351133372,-1.3830784088052943,-0.003049423182129437,-0.00038317804938649345,-0.0012402943332322008,-0.00033721373756310667,-0.00037939127027253095,0.11851990916628506,0.07051607617445947,-0.002696574811483896,-0.001960048169551854,0.1056356995511969,0.04920584053024125,-0.0015460766320512548,0.023298762454994362,,
41.6421,state,100.0,100.0,3,0.09970875121256659,-0.04448544284868356,0.0,0.0,0.0,0.0,-0.004601942363657105,1.262466188429883,0.8927768185494434,0.019941750242513344,0.0,1.244058418975255,1.239456476611598,0.0030679615757705147,-0.053689327575997335,0.44840564832910573,-0.3351406241380339,0.0,0.02398082392240207,0.0013087220056259585,0.02020129580376902,-2.204107639878994e-08,5.439514211998073,2.056585178943374,0.022642957446431376,0.02398082392240207,5.881194858267157,2.300583953695663,0.024002301712678368,0.007656631160954545,0.47628510732245893,-1.1172454733335235,-0.003040807415756374,-0.00043616855437934155,-0.001203223467379173,-0.00048224467395107604,-0.0005307483763974256,0.06984149611769584,0.04631939278642595,-0.0027063230625808884,-0.0019507329806747824,0.05697585205398109,0.02410893604968843,-0.0015398409193243783,0.023386291390947524,,
41.6444,midi,100.0,100.0,3,,,,,,,,,,,,,,,,,,,,,,,,,,,,,,,,,,,,,,,,,,,,,,77,8
41.6749,state,100.0,100.0,3,0.1395922516975935,-0.08743690490948187,0.0,0.0,0.0,0.0,-0.004601942363657105,1.5017671913400426,0.9357282806102413,0.019941750242513344,0.0,1.489495345036958,1.2916118233997098,0.0030679615757705147,-0.053689327575997335,0.8115005603060212,-0.7227401369126752,0.0,0.02398082392240207,0.00496704737795798,0.027351124495811324,-6.916723323169504e-09,6.775172354128743,1.9795342784900452,0.02356098724608889,0.02398082392240207,7.039648014802152,2.3025818163602576,0.023987563880571383,0.016460036869003967,0.2049750955440645,-0.804014409292072,-0.0030259503881571786,-0.0005109635194048695,-0.0012679054883144897,-0.0005763895902545279,-0.0007122314816785146,0.023471071578699976,0.027299805497988536,-0.002685908692377493,-0.0019366397351819242,0.012776858175060692,0.00694002279428382,-0.0015304374114852046,0.023058787932642853,,
41.7081,state,100.0,100.0,3,0.19328157927359085,-0.150330117212793,0.0,0.0,0.0,0.0,-0.004601942363657105,1.736466251886546,0.944932165337555,0.019941750242513344,0.0,1.7287963479471176,1.2992817273391384,0.0030679615757705147,-0.053689327575997335,1.1365355436201379,-1.1657429690036474,0.0,0.02398082392240207,0.013457742825811629,0.026803685835167693,-2.1705410690334285e-09,7.171942685220255,1.4542930553354956,0.001097360956219792,0.02398082392240207,7.348113842339604,1.681613423045741,0.023982938992692816,0.00972169052678191,-0.07346440771206351,-0.39546371531517704,-0.002998968046543647,-0.000618810822438014,-0.0014084256361942707,-0.00057130672334597,-0.0009247545740118305,-0.020224754941974024,0.015251172196016759,-0.0024153277905002895,-0.0019143941715621467,-0.0273073572318242,0.00016491098844950702,-0.0015148493659810577,0.02332270639572886,,
41.7362,midi,100.0,100.0,3,,,,,,,,,,,,,,,,,,,,,,,,,,,,,,,,,,,,,,,,,,,,,,74,8
41.7417,state,100.0,100.0,3,0.26384469551633044,-0.23776702212227438,0.0,0.0,0.0,0.0,-0.004601942363657105,1.940485696675336,0.9418642037617836,0.019941750242513344,0.0,1.9358837543116794,1.2885438618239389,0.0030679615757705147,-0.055223308363883034,1.5165034250326441,-1.7342076351245201,0.0,0.02398082392240207,0.019842409943020035,0.024866667901926823,-6.811387867112062e-10,7.051811749708124,0.6339584523469732,0.014689151836008864,0.02398082392240207,7.232106805545809,0.66604106250249,0.023981487653870787,0.0195061567717957,-0.3787609983042499,0.1287532809586016,-0.0029532273665470185,-0.0007598210736197094,-0.0015159579218899642,-0.0005481407086860505,-0.0011612506600248897,-0.059312154031928375,0.009385086875645123,-0.0024800109660969073,-0.0018815658998201337,-0.061696697476434664,0.0017178318501096987,-0.0014901008333905326,0.0236627274901017,,
41.7742,state,100.0,100.0,3,0.3405437349106124,-0.3298058693954129,0.0,0.0,0.0015339807878857015,0.0,-0.004601942363657105,2.0800779483729293,0.9357282806102413,0.018407769454627698,0.0,2.057068236554645,1.2670681307935394,0.0015339807878848133,-0.053689327575997335,1.9235489313602245,-2.363065131765996,0.0,0.02398082392240207,0.028558015877415476,0.024258811149659484,-2.1374856867786305e-10,6.334267997350418,0.15603127335895003,0.02106499876629822,0.02398082392240207,6.395195956640539,-0.040024035776138334,0.023981032208369925,0.0069763136638269834,-0.6909506559789563,0.6437078521897351,-0.002892338993411315,-0.0009068141113527184,-0.001654817112985527,-0.0005413488732599979,-0.0013737625801552417,-0.08640910379664604,0.00652012850681694,-0.002459617452498045,-0.0018430039066762941,-0.0824260735997339,0.006420433980106301,-0.0014583069790113654,0.02345874212288979,,
41.8071,state,100.0,100.0,3,0.40036898563815254,-0.41417481272912343,0.0,0.0,0.0015339807878857015,0.0,-0.004601942363657105,2.1168934872821845,0.9219224535192705,0.019941750242513344,0.0,2.0739420252213874,1.2425244381873697,0.0015339807878848133,-0.053689327575997335,2.178321843127185,-2.6249269717100074,0.0,0.02398082392240207,0.032052195326344075,0.024068059259893138,-6.707656575018453e-11,4.63308004210968,-0.09986140551109647,0.000128640353394668,0.02398082392240207,4.405645547578174,-0.4380611327459715,-0.0021878464511499223,0.015847106704380765,-0.8949830704140256,1.0671879556633124,-0.0028313374909608195,-0.0010284315093024925,-0.0017087268424049666,-0.000539024124501893,-0.0016139742256463768,-0.09689448207640156,0.006624571192233681,-0.002171556886649437,-0.0018066037111110177,-0.088113820940217,0.011168689726867999,-0.0011672011137253877,0.023140538643315153,,
41.8408,state,100.0,100.0,3,0.4417864669110647,-0.458660255577807,0.0,0.0,0.0015339807878857015,0.0,-0.004601942363657105,2.0693400828577295,0.9050486648525287,0.019941750242513344,0.0,2.00951483213019,1.2118448224296565,0.0015339807878848133,-0.055223308363883034,1.8891225901743192,-2.4841110955704506,0.0,0.02398082392240207,0.026513705793936904,0.008388971650834104,-2.104933708173549e-11,2.034254227271156,-0.3107016100475043,0.021508519305480048,0.02398082392240207,1.5311757157126376,-0.6737184172797428,-0.003484091116548102,0.004972990001203564,-1.0001598639815144,1.235692017066395,-0.0027886194618590293,-0.0011028449157397544,-0.0016220051967201614,-0.000335915723522599,-0.001827767309035491,-0.09384544650981869,0.008274112871021025,-0.002331238592850897,-0.0017826014575411772,-0.08234891998616535,0.014444692766568751,-0.0011330675062997543,0.024259529939998806,,
41.8738,state,100.0,100.0,3,0.4586602555778066,-0.4555922940020356,0.0,0.0,0.0015339807878857015,-0.0015339807878854794,-0.004601942363657105,1.957359485342078,0.8866408953979006,0.019941750242513344,0.0,1.882194426735682,1.1780972450961722,0.0015339807878848133,-0.053689327575997335,1.3935066107184244,-1.5572986070535981,0.0,0.02398082392240207,0.013539238216077184,0.01825177583915653,0.002398082385634704,-0.5013192627213883,-0.4534968168373959,0.017356065582175857,0.02398082392240207,-1.0067251819881282,-0.8302751473835779,-0.001093344710115834,0.016942960128277194,-1.0879169579221617,1.0166791228183814,-0.0027794479724088184,-0.0011170223827461725,-0.0014223173375395286,-0.00022523962425360217,-0.0019900076404531174,-0.08115024888701892,0.010336733783827467,-0.002278727839827925,-0.0017775381417983926,-0.06912922062015678,0.016266731676981123,-0.0011514696356717178,0.02311395462631728,,
41.9071,state,100.0,100.0,3,0.44792239006260703,-0.4264466590322086,0.0,0.0,0.0,0.0,-0.004601942363657105,1.7886215986746574,0.860563222003845,0.019941750242513344,0.0,1.7011846937651764,1.144349667762688,0.0015339807878848133,-0.055223308363883034,0.7018722578885551,-0.361782197542035,0.0,0.02398082392240207,0.00851262124914894,0.006563760283544363,0.010709127652521747,-2.6239518509393425,-0.5758803897383729,0.01806442620814197,0.02398082392240207,-3.1245425732332834,-0.9399535944972368,-0.00034310315521329814,0.020007041809145944,-1.0335554562283233,0.6489631723401776,-0.0027981382017566803,-0.001085001471907631,-0.0013460193741195068,-0.00031231865892626155,-0.0021357219163323426,-0.05983432321886831,0.014258562562092042,-0.0023086645269334207,-0.0017878970121450513,-0.048349883111844204,0.01854347178598585,-0.0011682175303019387,0.02368871210800919,,
41.9401,state,100.0,100.0,3,0.41417481272912293,-0.3727573314562108,0.0,0.0,0.0,-0.0015339807878854794,-0.004601942363657105,1.581534192310096,0.8329515678219032,0.019941750242513344,0.0,1.4879613642490719,1.1090681096413184,0.0015339807878848133,-0.055223308363883034,-0.02545584819169521,0.5791037787383502,0.0,0.02398082392240207,-0.0027781328808708953,-0.0032363831435240965,0.007461358622972512,-4.4112915342977805,-0.7135472203948994,0.01088776475272781,0.02398082392240207,-4.823427490380804,-0.9968563313515622,-0.00010766940565784491,0.008043647596947227,-0.8444263181469808,0.20980547207512812,-0.0028379273214853623,-0.0010137487988194902,-0.0011742203053531598,5.240085076478484e-05,-0.0021891254679917115,-0.02857933255200658,0.022500335408002156,-0.002286894050131204,-0.0018104031965372094,-0.0188198347896427,0.02376971163854029,-0.0011903330630671975,0.024130165996619,,
41.9731,state,100.0,100.0,3,0.3574175235773543,-0.3052621767892426,0.0,0.0,0.0,0.0,-0.006135923151542363,1.3575729972787924,0.8007379712763049,0.019941750242513344,0.0,1.262466188429883,1.0722525707320634,0.0015339807878848133,-0.053689327575997335,-0.7411304977160721,1.309892328218506,0.0,0.02398082392240207,-0.0048163246270757545,-0.0018517709512025178,0.005208189911366787,-5.723805799368222,-0.8358348969582103,0.014653126823398012,0.02398082392240207,-5.988773879208644,-1.0498563852551637,-3.378780037014435e-05,0.004485543936937666,-0.5022159638809828,-0.24277445656733418,-0.0028909385762842734,-0.000907896766404914,-0.001142693707393764,-0.00020351993357751408,-0.0020962558872102033,0.012526941969304442,0.036662657281532764,-0.0023930853300378084,-0.0018417523311976347,0.019641590862185757,0.034396194608656776,-0.0012179078150132735,0.023553818114621844,,
42.0068,state,100.0,100.0,3,0.2745825610315299,-0.21322332951610407,0.0,0.0,0.0015339807878857015,-0.0015339807878854794,-0.006135923151542363,1.1351457830353744,0.7654564131549351,0.019941750242513344,0.0,1.0446409165501216,1.0354370318228079,0.0030679615757705147,-0.053689327575997335,-1.4817032108110306,1.9090455760826435,0.0,0.02398082392240207,-0.00151141370218559,0.007610252762772199,0.016324546572398117,-6.504420566142801,-0.9320885601827903,0.007019741141800505,0.02398082392240207,-6.54643561944258,-1.1083087435066068,-1.0602969774724923e-05,0.016097772608400476,-0.015955725442994187,-0.7826991007784949,-0.0029558298890618733,-0.000751154719249626,-0.0011879443710952823,-8.665853014743585e-05,-0.0017386201519655662,0.06581409340883997,0.0591150492182535,-0.0024074256444357274,-0.0018832886417109746,0.06897035618900044,0.05281160712595785,-0.0012518082428697884,0.023095529570103576,,
42.0401,state,100.0,100.0,3,0.17487380981896328,-0.11811652066719458,0.0,0.0,0.0,0.0,-0.004601942363657105,0.9295923574586987,0.7378447589729934,0.019941750242513344,0.0,0.8406214717613314,1.0047574160650952,0.0030679615757705147,-0.053689327575997335,-2.267268285168198,2.6047481473187735,0.0,0.02398082392240207,0.018100771870984397,0.015807225715317407,0.023760911796985057,-6.671152997976361,-0.9921352104987614,0.005133208294117365,0.02398082392240207,-6.5673328461316975,-1.1188664931580912,0.032071620325571135,0.009243547212861348,0.5922077998069196,-1.3152702331083979,-0.00301086590628736,-0.0005740701815816565,-0.0014755474184977,-0.0004282767163639329,-0.0011549948118660088,0.12477523771933485,0.08720630665428558,-0.002475529422140217,-0.0019238273964755318,0.1246167199325043,0.07725010165979639,-0.0016018568757361657,0.02333698267086107,,
42.0738,state,100.0,100.0,3,0.08436894333371046,-0.05062136600022637,0.0,0.0,0.0,0.0,-0.004601942363657105,0.7608544707912779,0.7332428166093368,0.019941750242513344,0.0,0.6780195082454534,0.995553531337781,0.0030679615757705147,-0.053689327575997335,-2.720024897149906,2.6460222760265433,0.0,0.02398082392240207,0.0036079615407827786,0.010156079034052497,0.02736554368274293,-6.295395879069816,-0.788853949587771,0.019639624284763665,0.02398082392240207,-6.123035543672001,-0.8889708993151051,0.027355961192280984,0.00953572312897496,1.2096895729672232,-1.5532007319432513,-0.003042956730664342,-0.00042550669976368827,-0.0012373100386051889,-0.00035205998142971446,-0.0005906891501888662,0.1730206602809606,0.10965273530626937,-0.00268097823561161,-0.0019528919331443708,0.17012646148321953,0.0973039783413352,-0.0015751195959120975,0.02331409663349328,,
