Phase,displacement_m,Kx_N_per_m,F_N
descent,0.0,197.46461747770525,0.22267286744843276
descent,0.00010033165829145729,194.96812501893658,0.24235944066107337
descent,0.00020066331658291457,192.48846058490395,0.26179638083722756
descent,0.00030099497487437183,190.02562417560705,0.2809853763605224
descent,0.00040132663316582915,187.5796157910461,0.29992811561458566
descent,0.0005016582914572865,185.15043543122107,0.318626286983045
descent,0.0006019899497487437,182.73808309613196,0.3370815788495278
descent,0.000702321608040201,180.34255878577872,0.3552956795976616
descent,0.0008026532663316583,177.96386250016138,0.3732702776110739
descent,0.0009029849246231156,175.60199423927995,0.39100706127339224
descent,0.001003316582914573,173.25695400313447,0.40850771896824434
descent,0.0011036482412060302,170.92874179172483,0.42577393907925737
descent,0.0012039798994974873,168.61735760505107,0.44280740999005885
descent,0.0013043115577889446,166.3228014431132,0.4596098200842766
descent,0.001404643216080402,164.04507330591136,0.47618285774553815
descent,0.0015049748743718593,161.78417319344533,0.49252821135747066
descent,0.0016053065326633166,159.5401011057151,0.5086475693037019
descent,0.001705638190954774,157.31285704272094,0.5245426199678593
descent,0.0018059698492462312,155.10244100446263,0.5402150517335709
descent,0.0019063015075376885,152.9088529909402,0.5556665529844632
descent,0.002006633165829146,150.73209300215368,0.5708988121041646
descent,0.002106964824120603,148.57216103810302,0.5859135174763022
descent,0.0022072964824120605,146.42905709878835,0.6007123574845038
descent,0.002307628140703518,144.30278118420952,0.6152970205123969
descent,0.0024079597989949747,142.19333329436662,0.6296691949436083
descent,0.002508291457286432,140.1007134292596,0.6438305691617664
descent,0.0026086231155778893,138.0249215888885,0.6577828315504987
descent,0.0027089547738693466,135.96595777325322,0.6715276704934321
descent,0.002809286432160804,133.92382198235393,0.6850667743741945
descent,0.0029096180904522612,131.89851421619045,0.6984018315764133
descent,0.0030099497487437185,129.89003447476298,0.7115345304837166
descent,0.003110281407035176,127.89838275807138,0.7244665594797312
descent,0.003210613065326633,125.92355906611562,0.7371996069480846
descent,0.0033109447236180905,123.9655633988959,0.7497353612724051
descent,0.003411276381909548,122.02439575641193,0.7620755108363193
descent,0.003511608040201005,120.10005613866389,0.774221744023455
descent,0.0036119396984924624,118.1925445456518,0.7861757492174402
descent,0.0037122713567839197,116.30186097737558,0.797939214801902
descent,0.003812603015075377,114.4280054338353,0.8095138291604682
descent,0.003912934673366834,112.5709779150309,0.8209012806767658
descent,0.004013266331658292,110.73077842096237,0.8321032577344226
descent,0.004113597989949749,108.90740695162977,0.8431214487170665
descent,0.004213929648241206,107.10086350703307,0.8539575420083244
descent,0.004314261306532664,105.31114808717226,0.8646132259918242
descent,0.004414592964824121,103.53826069204733,0.8750901890511933
descent,0.004514924623115578,101.78220132165835,0.8853901195700593
descent,0.004615256281407036,100.04296997600524,0.89551470593205
descent,0.004715587939698493,98.32056665508802,0.9054656365207923
descent,0.004815919597989949,96.61499135890672,0.9152445997199136
descent,0.004916251256281407,94.92624408746136,0.9248532839130426
descent,0.005016582914572864,93.25432484075182,0.9342933774838054
descent,0.005116914572864321,91.59923361877823,0.9435665688158305
descent,0.005217246231155779,89.96097042154052,0.9526745462927453
descent,0.005317577889447236,88.33953524903873,0.9616189982981771
descent,0.005417909547738693,86.73492810127281,0.9704016132157532
descent,0.0055182412060301505,85.14714897824281,0.9790240794291013
descent,0.005618572864321608,83.57619787994874,0.9874880853218493
descent,0.005718904522613065,82.02207480639055,0.9957953192776243
descent,0.0058192361809045225,80.48477975756825,1.003947469680054
descent,0.00591956783919598,78.96431273348183,1.011946224912766
descent,0.006019899497487437,77.46067373413133,1.0197932733593875
descent,0.006120231155778894,75.97386275951678,1.0274903034035465
descent,0.006220562814070352,74.50387980963805,1.03503900342887
descent,0.006320894472361809,73.05072488449524,1.0424410618189854
descent,0.006421226130653266,71.61439798408838,1.0496981669575214
descent,0.006521557788944724,70.19489910841739,1.0568120072281044
descent,0.006621889447236181,68.7922282574823,1.063784271014362
descent,0.006722221105527638,67.4063854312831,1.0706166466999216
descent,0.006822552763819096,66.0373706298198,1.0773108226684118
descent,0.006922884422110553,64.68518385309243,1.0838684873034594
descent,0.00702321608040201,63.34982510110093,1.0902913289886915
descent,0.0071235477386934675,62.03129437384534,1.0965810361077362
descent,0.007223879396984925,60.729591671325664,1.1027392970442211
descent,0.007324211055276382,59.444716993541896,1.1087678001817733
descent,0.0074245427135678395,58.17667034049398,1.1146682339040204
descent,0.007524874371859297,56.925451712182,1.1204422865945898
descent,0.007625206030150754,55.691061108605915,1.12609164663711
descent,0.007725537688442211,54.473498529765756,1.1316180024152072
descent,0.007825869346733669,53.272763975661455,1.1370230423125096
descent,0.007926201005025125,52.088857446293076,1.1423084547126445
descent,0.008026532663316583,50.92177894166059,1.14747592799924
descent,0.00812686432160804,49.77152846176403,1.152527150555923
descent,0.008227195979899498,48.63810600660333,1.1574638107663207
descent,0.008327527638190954,47.521511576178554,1.1622875970140618
descent,0.008427859296482413,46.42174517048968,1.1670001976827729
descent,0.008528190954773869,45.338806789536704,1.1716033011560816
descent,0.008628522613065327,44.27269643331962,1.1760985958176158
descent,0.008728854271356784,43.22341410183846,1.1804877700510026
descent,0.008829185929648242,42.190959795093164,1.18477251223987
descent,0.008929517587939698,41.175333513083785,1.1889545107678448
descent,0.009029849246231157,40.17653525581032,1.1930354540185553
descent,0.009130180904522613,39.19456502327276,1.1970170303756287
descent,0.009230512562814071,38.229422815471075,1.2009009282226928
descent,0.009330844221105528,37.281108632405314,1.2046888359433743
descent,0.009431175879396986,36.34962247407543,1.2083824419213014
descent,0.009531507537688442,35.43496434048147,1.2119834345401015
descent,0.009631839195979899,34.537134231623405,1.2154935021834021
descent,0.009732170854271357,33.65613214750121,1.218914333234831
descent,0.009832502512562813,32.79195808811497,1.2222476160780154
descent,0.009932834170854271,31.944612053464592,1.2254950390965826
descent,0.010033165829145728,31.114094043550125,1.2286582906741605
descent,0.010133497487437186,30.300404058371555,1.2317390591943764
descent,0.010233829145728643,29.5035420979289,1.234739033040858
descent,0.0103341608040201,28.723508162222128,1.237659900597233
descent,0.010434492462311557,27.96030225125127,1.2405033502471283
descent,0.010534824120603015,27.213924365016304,1.2432710703741725
descent,0.010635155778894472,26.48437450351724,1.245964749361992
descent,0.01073548743718593,25.77165266675408,1.2485860755942146
descent,0.010835819095477386,25.07575885472682,1.2511367374544682
descent,0.010936150753768845,24.396693067435457,1.2536184233263798
descent,0.011036482412060301,23.73445530488,1.2560328215935777
descent,0.01113681407035176,23.08904556706043,1.2583816206396887
descent,0.011237145728643216,22.460463853976776,1.2606665088483404
descent,0.011337477386934674,21.848710165629015,1.262889174603161
descent,0.01143780904522613,21.25378450201717,1.2650513062877768
descent,0.011538140703517588,20.675686863141202,1.2671545922858167
descent,0.011638472361809045,20.114417249001157,1.2692007209809075
descent,0.011738804020100503,19.569975659596984,1.2711913807566761
descent,0.01183913567839196,19.042362094928734,1.2731282599967515
descent,0.011939467336683418,18.53157655499639,1.27501304708476
descent,0.012039798994974874,18.03761903979993,1.2768474304043296
descent,0.012140130653266332,17.56048954933938,1.2786330983390881
descent,0.012240462311557789,17.100188083614732,1.2803717392726623
descent,0.012340793969849247,16.656714642625975,1.2820650415886803
descent,0.012441125628140703,16.230069226373132,1.2837146936707693
descent,0.012541457286432162,15.820251834856174,1.2853223839025572
descent,0.012641788944723618,15.427262468075131,1.2868898006676708
descent,0.012742120603015076,15.05110112602998,1.2884186323497386
descent,0.012842452261306533,14.691767808720739,1.2899105673323876
descent,0.01294278391959799,14.349262516147391,1.291367293999245
descent,0.013043115577889447,14.023585248309946,1.292790500733939
descent,0.013143447236180904,13.714736005208401,1.294181875920097
descent,0.013243778894472362,13.422714786842754,1.2955431079413458
descent,0.013344110552763818,13.147521593213009,1.2968758851813136
descent,0.013444442211055277,12.889156424319163,1.2981818960236278
descent,0.013544773869346733,12.647619280161221,1.2994628288519159
descent,0.013645105527638191,12.422910160739178,1.3007203720498055
descent,0.013745437185929648,12.215029066053042,1.3019562140009242
descent,0.013845768844221106,12.023975996102802,1.303172043088899
descent,0.013946100502512562,11.849750950888462,1.304369547697358
descent,0.01404643216080402,11.692353930410023,1.3055504162099283
descent,0.014146763819095477,11.55178493466748,1.306716337010238
descent,0.014247095477386935,11.428043963660844,1.3078689984819136
descent,0.014347427135678392,11.32113101739011,1.3090100890085838
descent,0.01444775879396985,11.231046095855266,1.3101412969738755
descent,0.014548090452261306,11.157789199056335,1.3112643107614161
descent,0.014648422110552764,11.101360326993301,1.3123808187548338
descent,0.01474875376884422,11.061759479666167,1.3134925093377552
descent,0.014849085427135679,11.03898665707493,1.3146010708938083
descent,0.014949417085427135,11.0330418592196,1.3157081918066207
descent,0.015049748743718594,11.043925086100165,1.3168155604598204
descent,0.01515008040201005,11.071636337716635,1.3179248652370334
descent,0.015250412060301508,11.116175614069002,1.3190377945218887
descent,0.015350743718592965,11.177542915157275,1.3201560366980134
descent,0.015451075376884423,11.255738240981445,1.3212812801490346
descent,0.01555140703517588,11.350761591541518,1.3224152132585802
descent,0.015651738693467337,11.46261296683749,1.323559524410278
descent,0.015752070351758796,11.591292366869366,1.3247159019877546
descent,0.01585240201005025,11.73679979163713,1.3258860343746386
descent,0.01595273366834171,11.899135241140812,1.3270716099545565
descent,0.016053065326633167,12.078298715380386,1.3282743171111369
descent,0.01615339698492462,12.274290214355855,1.3294958442280065
descent,0.01625372864321608,12.487109738067234,1.3307378796887934
descent,0.016354060301507538,12.716757286514515,1.3320021118771244
descent,0.016454391959798996,12.96323285969769,1.3332902291766273
descent,0.01655472361809045,13.226536457616765,1.3346039199709308
descent,0.01665505527638191,13.506668080271746,1.3359448726436605
descent,0.016755386934673367,13.803627727662626,1.3373147755784447
descent,0.016855718592964825,14.117415399789413,1.3387153171589117
descent,0.01695605025125628,14.448031096652084,1.340148185768688
descent,0.017056381909547738,14.795474818250664,1.3416150697914013
descent,0.017156713567839196,15.159746564585154,1.3431176576106796
descent,0.017257045226130655,15.540846335655537,1.3446576376101502
descent,0.01735737688442211,15.938774131461813,1.3462366981734404
descent,0.017457708542713567,16.353529952004003,1.3478565276841779
descent,0.017558040201005026,16.785113797282094,1.34951881452599
descent,0.017658371859296484,17.23352566729608,1.3512252470825046
descent,0.01775870351758794,17.69876556204596,1.352977513737349
descent,0.017859035175879397,18.18083348153175,1.3547773028741505
descent,0.017959366834170855,18.679729425753443,1.356626302876537
descent,0.018059698492462313,19.195453394711034,1.358526202128136
descent,0.018160030150753768,19.72800538840451,1.3604786890125753
descent,0.018260361809045226,20.277385406833904,1.3624854519134815
descent,0.018360693467336684,20.843593449999197,1.3645481792144827
descent,0.018461025125628142,21.426629517900402,1.3666685592992072
descent,0.018561356783919597,22.02649361053747,1.3688482805512807
descent,0.018661688442211055,22.64318572791047,1.371089031354332
descent,0.018762020100502513,23.276705870019377,1.3733925000919889
descent,0.01886235175879397,23.92705403686417,1.3757603751478777
descent,0.018962683417085426,24.59423022844485,1.3781943449056269
descent,0.019063015075376884,25.278234444761452,1.3806960977488636
descent,0.019163346733668343,25.979066685813955,1.3832673220612157
descent,0.019263678391959797,26.696726951602333,1.3859097062263102
descent,0.019364010050251255,27.431215242126637,1.3886249386277754
descent,0.019464341708542714,28.18253155738684,1.391414707649238
descent,0.019564673366834172,28.950675897382943,1.3942807016743255
descent,0.019665005025125627,29.73564826211493,1.3972246090866662
descent,0.019765336683417085,30.53744865158283,1.4002481182698872
descent,0.019865668341708543,31.35607706578664,1.4033529176076158
descent,0.019966,32.19153350472635,1.4065406954834798
ascent,0.0,23.486090522771736,0.2105866261500425
ascent,0.00010031658291457287,23.235894229773585,0.21293001340048523
ascent,0.00020063316582914575,22.99857854757217,0.2152489478831868
ascent,0.0003009497487437186,22.7741434761675,0.2175447217370085
ascent,0.0004012663316582915,22.56258901555956,0.21981862710081115
ascent,0.0005015829145728644,22.363915165748367,0.22207195611345576
ascent,0.0006018994974874372,22.17812192673391,0.2243060009138033
ascent,0.0007022160804020101,22.0052092985162,0.2265220536407149
ascent,0.000802532663316583,21.845177281095218,0.22872140643305122
ascent,0.0009028492462311559,21.69802587447099,0.23090535142967358
ascent,0.0010031658291457287,21.5637550786435,0.2330751807694428
ascent,0.0011034824120603015,21.44236489361274,0.2352321865912198
ascent,0.0012037989949748745,21.333855319378735,0.2373776610338657
ascent,0.0013041155778894475,21.238226355941457,0.2395128962362414
ascent,0.0014044321608040202,21.15547800330092,0.24163918433720785
ascent,0.001504748743718593,21.085610261457127,0.2437578174756261
ascent,0.001605065326633166,21.02862313041008,0.2458700877903572
ascent,0.001705381909547739,20.98451661015977,0.24797728742026204
ascent,0.0018056984924623117,20.95329070070619,0.25008070850420144
ascent,0.0019060150753768845,20.93494540204936,0.2521816431810368
ascent,0.0020063316582914575,20.929480714189268,0.25428138358962854
ascent,0.0021066482412060304,20.93689663712592,0.2563812218688383
ascent,0.002206964824120603,20.9571931708593,0.2584824501575264
ascent,0.002307281407035176,20.990370315389434,0.26058636059455437
ascent,0.002407597989949749,21.0364280707163,0.2626942453187829
ascent,0.002507914572864322,21.09536643683991,0.2648073964690729
ascent,0.002608231155778895,21.167185413760258,0.2669271061842856
ascent,0.0027085477386934675,21.251885001477344,0.26905466660328176
ascent,0.0028088643216080404,21.349465199991176,0.27119136986492265
ascent,0.0029091809045226134,21.459926009301743,0.27333850810806887
ascent,0.003009497487437186,21.58326742940905,0.27549737347158165
ascent,0.003109814070351759,21.7194894603131,0.2776692580943221
ascent,0.003210130653266332,21.868592102013892,0.2798554541151508
ascent,0.003310447236180905,22.03057535451142,0.282057253672929
ascent,0.003410763819095478,22.20543921780569,0.28427594890651753
ascent,0.0035110804020100504,22.393183691896702,0.2865128319547777
ascent,0.0036113969849246234,22.59380877678445,0.2887691949565701
ascent,0.0037117135678391964,22.80731447246894,0.29104633005075586
ascent,0.003812030150753769,23.03370077895017,0.29334552937619607
ascent,0.003912346733668342,23.272967696228136,0.2956680850717516
ascent,0.004012663316582915,23.525115224302844,0.29801528927628335
ascent,0.004112979899497488,23.790143363174302,0.3003884341286526
ascent,0.004213296482412061,24.068052112842487,0.30278881176772005
ascent,0.004313613065326634,24.358841473307418,0.3052177143323466
ascent,0.004413929648241206,24.662511444569088,0.3076764339613936
ascent,0.004514246231155779,24.979062026627503,0.3101662627937218
ascent,0.004614562814070352,25.30849321948265,0.3126884929681921
ascent,0.004714879396984925,25.650805023134545,0.31524441662366576
ascent,0.004815195979899498,26.005997437583176,0.31783532589900343
ascent,0.004915512562814071,26.37407046282855,0.3204625129330664
ascent,0.005015829145728644,26.755024098870656,0.3231272698647153
ascent,0.005116145728643217,27.148858345709506,0.3258308888328115
ascent,0.00521646231155779,27.5555732033451,0.32857466197621576
ascent,0.005316778894472362,27.975168671777425,0.331359881433789
ascent,0.005417095477386935,28.4076447510065,0.3341878393443924
ascent,0.005517412060301508,28.853001441032312,0.3370598278468868
ascent,0.005617728643216081,29.311238741854865,0.3399771390801333
ascent,0.005718045226130654,29.78235665347416,0.34294106518299283
ascent,0.005818361809045227,30.26635517589019,0.34595289829432624
ascent,0.0059186783919598,30.763234309102963,0.34901393055299457
ascent,0.006018994974874372,31.272994053112477,0.352125454097859
ascent,0.006119311557788945,31.79563440791873,0.3552887610677803
ascent,0.006219628140703518,32.331155373521725,0.3585051436016195
ascent,0.006319944723618091,32.87955694992146,0.3617758938382377
ascent,0.006420261306532664,33.44083913711793,0.36510230391649556
ascent,0.006520577889447237,34.015001935111144,0.3684856659752544
ascent,0.00662089447236181,34.602045343901096,0.3719272721533752
ascent,0.006721211055276383,35.20196936348779,0.37542841458971876
ascent,0.006821527638190956,35.81477399387123,0.378990385423146
ascent,0.006921844221105528,36.44045923505139,0.3826144767925181
ascent,0.007022160804020101,37.07902508702831,0.38630198083669604
ascent,0.007122477386934674,37.73047154980196,0.39005418969454053
ascent,0.007222793969849247,38.39479862337236,0.3938723955049128
ascent,0.00732311055276382,39.07200630773949,0.39775789040667386
ascent,0.007423427135678393,39.76209460290337,0.4017119665386847
ascent,0.007523743718592966,40.465063508863985,0.405735916039806
ascent,0.007624060301507538,41.18091302562134,0.40983103104889906
ascent,0.007724376884422111,41.90964315317542,0.4139986037048248
ascent,0.007824693467336684,42.65125389152625,0.4182399261464441
ascent,0.007925010050251258,43.40574524067385,0.4225562905126181
ascent,0.00802532663316583,44.17311720061815,0.42694898894220745
ascent,0.008125643216080402,44.953369771359206,0.4314193135740736
ascent,0.008225959798994976,45.74650295289701,0.4359685565470773
ascent,0.008326276381909548,46.55251674523154,0.44059801000007937
ascent,0.008426592964824122,47.37141114836282,0.44530896607194104
ascent,0.008526909547738694,48.203186162290834,0.4501027169015232
ascent,0.008627226130653268,49.047841787015585,0.45498055462768683
ascent,0.00872754271356784,49.90537802253708,0.45994377138929277
ascent,0.008827859296482412,50.77579486885531,0.4649936593252023
ascent,0.008928175879396986,51.65909232597029,0.47013151057427627
ascent,0.009028492462311558,52.55527039388201,0.47535861727537554
ascent,0.009128809045226132,53.46432907259047,0.48067627156736126
ascent,0.009229125628140704,54.386268362095656,0.4860857655890942
ascent,0.009329442211055278,55.3210882623976,0.49158839147943567
ascent,0.00942975879396985,56.268788773496276,0.4971854413772464
ascent,0.009530075376884424,57.2293698953917,0.5028782074213873
ascent,0.009630391959798996,58.20283162808385,0.5086679817507196
ascent,0.009730708542713568,59.18917397157274,0.5145560565041042
ascent,0.009831025125628142,60.188396925858385,0.520543723820402
ascent,0.009931341708542714,61.20050049094075,0.526632275838474
ascent,0.010031658291457288,62.22548466681988,0.5328230046971814
ascent,0.01013197487437186,63.24695195349302,0.539116654221662
ascent,0.010232291457286434,64.24850485095743,0.5455117749821624
ascent,0.010332608040201006,65.23014335921313,0.5520063692352066
ascent,0.01043292462311558,66.19186747826012,0.5585984392373182
ascent,0.010533241206030152,67.13367720809839,0.5652859872450212
ascent,0.010633557788944724,68.05557254872797,0.572067015514839
ascent,0.010733874371859298,68.9575535001488,0.5789395263032955
ascent,0.01083419095477387,69.83962006236094,0.5859015218669144
ascent,0.010934507537688444,70.70177223536437,0.5929510044622197
ascent,0.011034824120603016,71.54401001915905,0.6000859763457346
ascent,0.01113514070351759,72.36633341374507,0.6073044397739835
ascent,0.011235457286432162,73.16874241912235,0.6146043970034898
ascent,0.011335773869346734,73.95123703529092,0.6219838502907771
ascent,0.011436090452261308,74.71381726225079,0.6294408018923697
ascent,0.01153640703517588,75.45648310000189,0.6369732540647907
ascent,0.011636723618090454,76.17923454854433,0.6445792090645643
ascent,0.011737040201005026,76.88207160787803,0.6522566691482142
ascent,0.0118373567839196,77.56499427800306,0.660003636572264
ascent,0.011937673366834172,78.22800255891931,0.6678181135932375
ascent,0.012037989949748744,78.87109645062688,0.6756981024676583
ascent,0.012138306532663318,79.49427595312576,0.6836416054520507
ascent,0.01223862311557789,80.0975410664159,0.6916466248029376
ascent,0.012338939698492464,80.68089179049731,0.6997111627768435
ascent,0.012439256281407036,81.24432812537003,0.7078332216302916
ascent,0.01253957286432161,81.78785007103406,0.7160108036198065
ascent,0.012639889447236182,82.31145762748933,0.7242419110019108
ascent,0.012740206030150756,82.81515079473591,0.7325245460331289
ascent,0.012840522613065328,83.29892957277379,0.7408567109699848
ascent,0.0129408391959799,83.76279396160291,0.7492364080690015
ascent,0.013041155778894474,84.20674396122337,0.7576616395867034
ascent,0.013141472361809046,84.63077957163506,0.7661304077796139
ascent,0.01324178894472362,85.0349007928381,0.7746407149042572
ascent,0.013342105527638192,85.41910762483238,0.7831905632171563
ascent,0.013442422110552766,85.78340006761798,0.7917779549748357
ascent,0.013542738693467338,86.12777812119482,0.8004008924338186
ascent,0.013643055276381912,86.45224178556298,0.8090573778506291
ascent,0.013743371859296484,86.75679106072242,0.817745413481791
ascent,0.013843688442211056,87.04142594667313,0.8264630015838275
ascent,0.01394400502512563,87.30614644341514,0.835208144413263
ascent,0.014044321608040202,87.55095255094845,0.8439788442266208
ascent,0.014144638190954776,87.77584426927304,0.8527731032804249
ascent,0.014244954773869348,87.9808215983889,0.861588923831199
ascent,0.014345271356783922,88.16588453829607,0.8704243081354671
ascent,0.014445587939698494,88.3310330889945,0.8792772584497524
ascent,0.014545904522613066,88.47626725048423,0.8881457770305787
ascent,0.01464622110552764,88.60158702276526,0.8970278661344705
ascent,0.014746537688442212,88.70699240583755,0.9059215280179507
ascent,0.014846854271356786,88.79248339970113,0.9148247649375436
ascent,0.014947170854271358,88.858060004356,0.9237355791497726
ascent,0.015047487437185932,88.90372221980218,0.9326519729111616
ascent,0.015147804020100504,88.94934830143667,0.9415726131844528
ascent,0.015248120603015076,89.0148165046565,0.9504988257572633
ascent,0.01534843718592965,89.1001268294617,0.9594326011234278
ascent,0.015448753768844222,89.20527927585222,0.9683759297767813
ascent,0.015549070351758796,89.33027384382815,0.97733080221116
ascent,0.015649386934673368,89.47511053338938,0.9862992089203984
ascent,0.01574970351758794,89.63978934453601,0.9952831403983319
ascent,0.015850020100502515,89.82431027726798,1.0042845871387958
ascent,0.015950336683417086,90.0286733315853,1.0133055396356245
ascent,0.01605065326633166,90.25287850748798,1.0223479883826545
ascent,0.016150969849246233,90.49692580497603,1.0314139238737206
ascent,0.016251286432160804,90.76081522404938,1.040505336602657
ascent,0.016351603015075378,91.04454676470817,1.0496242170633006
ascent,0.01645191959798995,91.34812042695225,1.0587725557494854
ascent,0.016552236180904525,91.67153621078172,1.0679523431550473
ascent,0.016652552763819096,92.01479411619651,1.0771655697738207
ascent,0.01675286934673367,92.37789414319671,1.086414226099642
ascent,0.016853185929648243,92.76083629178223,1.0957003026263452
ascent,0.016953502512562814,93.16362056195308,1.1050257898477662
ascent,0.017053819095477388,93.58624695370932,1.11439267825774
ascent,0.01715413567839196,94.02871546705092,1.1238029583501024
ascent,0.017254452261306535,94.49102610197787,1.1332586206186877
ascent,0.017354768844221106,94.97317885849014,1.1427616555573317
ascent,0.01745508542713568,95.4751737365878,1.1523140536598693
ascent,0.017555402010050253,95.99701073627082,1.1619178054201358
ascent,0.017655718592964824,96.53868985753917,1.1715749013319667
ascent,0.017756035175879398,97.1002111003929,1.181287331889197
ascent,0.01785635175879397,97.681574464832,1.1910570875856623
ascent,0.017956668341708545,98.28277995085642,1.2008861589151971
ascent,0.018056984924623116,98.90382755846619,1.2107765363716365
ascent,0.01815730150753769,99.54471728766134,1.2207302104488171
ascent,0.018257618090452263,100.20544913844185,1.2307491716405727
ascent,0.018357934673366837,100.88602311080768,1.2408354104407393
ascent,0.018458251256281408,101.5864392047589,1.2509909173431515
ascent,0.01855856783919598,102.30669742029546,1.261217682841645
ascent,0.018658884422110555,103.04679775741738,1.271517697430055
ascent,0.018759201005025126,103.80674021612462,1.2818929516022162
ascent,0.0188595175879397,104.58652479641728,1.2923454358519646
ascent,0.018959834170854273,105.38615149829528,1.3028771406731352
ascent,0.019060150753768847,106.20562032175862,1.313490056559563
ascent,0.019160467336683418,107.04493126680728,1.3241861740050827
ascent,0.01926078391959799,107.90408433344135,1.3349674835035308
ascent,0.019361100502512565,108.78307952166075,1.3458359755487412
ascent,0.019461417085427136,109.68191683146551,1.3567936406345502
ascent,0.01956173366834171,110.60059626285563,1.3678424692547924
ascent,0.019662050251256284,111.53911781583113,1.3789844519033037
ascent,0.019762366834170857,112.49748149039195,1.390221579073918
ascent,0.019862683417085428,113.47568728653809,1.4015558412604712
ascent,0.019963,114.47373520426964,1.4129892289567991
